,Unnamed: 0,candidates,jobs,data_seed,dqn_seed,batch_size,gamma,epsilon,epsilon_min,epsilon_decay,learning_rate,total_reward,allocation
0,0,100,10,1,1,16,0.9,1.0,0.1,0.985,0.0005,-148107,"(   Woman  Man
0      2    7"
1,1,100,10,1,1,16,0.9,1.0,0.1,0.985,0.001,-147909,"(   Woman  Man
0      3    6"
2,2,100,10,1,1,16,0.9,1.0,0.1,0.995,0.0005,-147909,"(   Woman  Man
0      3    6"
3,3,100,10,1,1,16,0.9,1.0,0.1,0.995,0.001,-147909,"(   Woman  Man
0      3    6"
4,4,100,10,1,1,16,0.9,1.0,0.001,0.985,0.0005,-148107,"(   Woman  Man
0      2    7"
5,5,100,10,1,1,16,0.9,1.0,0.001,0.985,0.001,-148107,"(   Woman  Man
0      2    7"
6,6,100,10,1,1,16,0.9,1.0,0.001,0.995,0.0005,-152834,"(   Woman  Man
0      2    7"
7,7,100,10,1,1,16,0.9,1.0,0.001,0.995,0.001,-147909,"(   Woman  Man
0      3    6"
8,8,100,10,1,1,16,0.9,0.5,0.1,0.985,0.0005,-150107,"(   Woman  Man
0      2    7"
9,9,100,10,1,1,16,0.9,0.5,0.1,0.985,0.001,-147909,"(   Woman  Man
0      3    6"
10,10,100,10,1,1,16,0.9,0.5,0.1,0.995,0.0005,-147909,"(   Woman  Man
0      3    6"
11,11,100,10,1,1,16,0.9,0.5,0.1,0.995,0.001,-147909,"(   Woman  Man
0      3    6"
12,12,100,10,1,1,16,0.9,0.5,0.001,0.985,0.0005,-148107,"(   Woman  Man
0      2    7"
13,13,100,10,1,1,16,0.9,0.5,0.001,0.985,0.001,-170996,"(   Woman  Man
0      2    7"
14,14,100,10,1,1,16,0.9,0.5,0.001,0.995,0.0005,-150107,"(   Woman  Man
0      2    7"
15,15,100,10,1,1,16,0.9,0.5,0.001,0.995,0.001,-148107,"(   Woman  Man
0      2    7"
16,16,100,10,1,1,16,0.95,1.0,0.1,0.985,0.0005,-147909,"(   Woman  Man
0      3    6"
17,17,100,10,1,1,16,0.95,1.0,0.1,0.985,0.001,-148107,"(   Woman  Man
0      2    7"
18,18,100,10,1,1,16,0.95,1.0,0.1,0.995,0.0005,-148107,"(   Woman  Man
0      2    7"
19,19,100,10,1,1,16,0.95,1.0,0.1,0.995,0.001,-150213,"(   Woman  Man
0      2    7"
20,20,100,10,1,1,16,0.95,1.0,0.001,0.985,0.0005,-147909,"(   Woman  Man
0      3    6"
21,21,100,10,1,1,16,0.95,1.0,0.001,0.985,0.001,-150471,"(   Woman  Man
0      3    6"
22,22,100,10,1,1,16,0.95,1.0,0.001,0.995,0.0005,-147909,"(   Woman  Man
0      3    6"
23,23,100,10,1,1,16,0.95,1.0,0.001,0.995,0.001,-147909,"(   Woman  Man
0      3    6"
24,24,100,10,1,1,16,0.95,0.5,0.1,0.985,0.0005,-152834,"(   Woman  Man
0      2    7"
25,25,100,10,1,1,16,0.95,0.5,0.1,0.985,0.001,-147909,"(   Woman  Man
0      3    6"
26,26,100,10,1,1,16,0.95,0.5,0.1,0.995,0.0005,-147909,"(   Woman  Man
0      3    6"
27,27,100,10,1,1,16,0.95,0.5,0.1,0.995,0.001,-150213,"(   Woman  Man
0      2    7"
28,28,100,10,1,1,16,0.95,0.5,0.001,0.985,0.0005,-150107,"(   Woman  Man
0      2    7"
29,29,100,10,1,1,16,0.95,0.5,0.001,0.985,0.001,-148669,"(   Woman  Man
0      2    7"
30,30,100,10,1,1,16,0.95,0.5,0.001,0.995,0.0005,-149909,"(   Woman  Man
0      3    6"
31,31,100,10,1,1,16,0.95,0.5,0.001,0.995,0.001,-149909,"(   Woman  Man
0      3    6"
32,32,100,10,1,1,16,0.99,1.0,0.1,0.985,0.0005,-147909,"(   Woman  Man
0      3    6"
33,33,100,10,1,1,16,0.99,1.0,0.1,0.985,0.001,-158858,"(   Woman  Man
0      2    7"
34,34,100,10,1,1,16,0.99,1.0,0.1,0.995,0.0005,-150411,"(   Woman  Man
0      1    8"
35,35,100,10,1,1,16,0.99,1.0,0.1,0.995,0.001,-147909,"(   Woman  Man
0      3    6"
36,36,100,10,1,1,16,0.99,1.0,0.001,0.985,0.0005,-148107,"(   Woman  Man
0      2    7"
37,37,100,10,1,1,16,0.99,1.0,0.001,0.985,0.001,-148471,"(   Woman  Man
0      3    6"
38,38,100,10,1,1,16,0.99,1.0,0.001,0.995,0.0005,-150213,"(   Woman  Man
0      2    7"
39,39,100,10,1,1,16,0.99,1.0,0.001,0.995,0.001,-147909,"(   Woman  Man
0      3    6"
40,40,100,10,1,1,16,0.99,0.5,0.1,0.985,0.0005,-150213,"(   Woman  Man
0      2    7"
41,41,100,10,1,1,16,0.99,0.5,0.1,0.985,0.001,-152834,"(   Woman  Man
0      2    7"
42,42,100,10,1,1,16,0.99,0.5,0.1,0.995,0.0005,-152834,"(   Woman  Man
0      2    7"
43,43,100,10,1,1,16,0.99,0.5,0.1,0.995,0.001,-150107,"(   Woman  Man
0      2    7"
44,44,100,10,1,1,16,0.99,0.5,0.001,0.985,0.0005,-148107,"(   Woman  Man
0      2    7"
45,45,100,10,1,1,16,0.99,0.5,0.001,0.985,0.001,-152834,"(   Woman  Man
0      2    7"
46,46,100,10,1,1,16,0.99,0.5,0.001,0.995,0.0005,-149909,"(   Woman  Man
0      3    6"
47,47,100,10,1,1,16,0.99,0.5,0.001,0.995,0.001,-150213,"(   Woman  Man
0      2    7"
48,48,100,10,1,1,32,0.9,1.0,0.1,0.985,0.0005,-148669,"(   Woman  Man
0      2    7"
49,49,100,10,1,1,32,0.9,1.0,0.1,0.985,0.001,-148471,"(   Woman  Man
0      3    6"
50,50,100,10,1,1,32,0.9,1.0,0.1,0.995,0.0005,-148107,"(   Woman  Man
0      2    7"
51,51,100,10,1,1,32,0.9,1.0,0.1,0.995,0.001,-148471,"(   Woman  Man
0      3    6"
52,52,100,10,1,1,32,0.9,1.0,0.001,0.985,0.0005,-148669,"(   Woman  Man
0      2    7"
53,53,100,10,1,1,32,0.9,1.0,0.001,0.985,0.001,-147909,"(   Woman  Man
0      3    6"
54,54,100,10,1,1,32,0.9,1.0,0.001,0.995,0.0005,-147909,"(   Woman  Man
0      3    6"
55,55,100,10,1,1,32,0.9,1.0,0.001,0.995,0.001,-147909,"(   Woman  Man
0      3    6"
56,56,100,10,1,1,32,0.9,0.5,0.1,0.985,0.0005,-147909,"(   Woman  Man
0      3    6"
57,57,100,10,1,1,32,0.9,0.5,0.1,0.985,0.001,-148107,"(   Woman  Man
0      2    7"
58,58,100,10,1,1,32,0.9,0.5,0.1,0.995,0.0005,-147909,"(   Woman  Man
0      3    6"
59,59,100,10,1,1,32,0.9,0.5,0.1,0.995,0.001,-147909,"(   Woman  Man
0      3    6"
60,60,100,10,1,1,32,0.9,0.5,0.001,0.985,0.0005,-147909,"(   Woman  Man
0      3    6"
61,61,100,10,1,1,32,0.9,0.5,0.001,0.985,0.001,-148471,"(   Woman  Man
0      3    6"
62,62,100,10,1,1,32,0.9,0.5,0.001,0.995,0.0005,-147909,"(   Woman  Man
0      3    6"
63,63,100,10,1,1,32,0.9,0.5,0.001,0.995,0.001,-147909,"(   Woman  Man
0      3    6"
64,64,100,10,1,1,32,0.95,1.0,0.1,0.985,0.0005,-150973,"(   Woman  Man
0      1    8"
65,65,100,10,1,1,32,0.95,1.0,0.1,0.985,0.001,-150107,"(   Woman  Man
0      2    7"
66,66,100,10,1,1,32,0.95,1.0,0.1,0.995,0.0005,-150411,"(   Woman  Man
0      1    8"
67,67,100,10,1,1,32,0.95,1.0,0.1,0.995,0.001,-150471,"(   Woman  Man
0      3    6"
68,68,100,10,1,1,32,0.95,1.0,0.001,0.985,0.0005,-182918,"(   Woman  Man
0      3    6"
69,69,100,10,1,1,32,0.95,1.0,0.001,0.985,0.001,-148107,"(   Woman  Man
0      2    7"
70,70,100,10,1,1,32,0.95,1.0,0.001,0.995,0.0005,-148107,"(   Woman  Man
0      2    7"
71,71,100,10,1,1,32,0.95,1.0,0.001,0.995,0.001,-147909,"(   Woman  Man
0      3    6"
72,72,100,10,1,1,32,0.95,0.5,0.1,0.985,0.0005,-158232,"(   Woman  Man
0      2    7"
73,73,100,10,1,1,32,0.95,0.5,0.1,0.985,0.001,-150411,"(   Woman  Man
0      1    8"
74,74,100,10,1,1,32,0.95,0.5,0.1,0.995,0.0005,-150213,"(   Woman  Man
0      2    7"
75,75,100,10,1,1,32,0.95,0.5,0.1,0.995,0.001,-149909,"(   Woman  Man
0      3    6"
76,76,100,10,1,1,32,0.95,0.5,0.001,0.985,0.0005,-147909,"(   Woman  Man
0      3    6"
77,77,100,10,1,1,32,0.95,0.5,0.001,0.985,0.001,-171756,"(   Woman  Man
0      1    8"
78,78,100,10,1,1,32,0.95,0.5,0.001,0.995,0.0005,-147909,"(   Woman  Man
0      3    6"
79,79,100,10,1,1,32,0.95,0.5,0.001,0.995,0.001,-148471,"(   Woman  Man
0      3    6"
80,80,100,10,1,1,32,0.99,1.0,0.1,0.985,0.0005,-148669,"(   Woman  Man
0      2    7"
81,81,100,10,1,1,32,0.99,1.0,0.1,0.985,0.001,-148669,"(   Woman  Man
0      2    7"
82,82,100,10,1,1,32,0.99,1.0,0.1,0.995,0.0005,-150107,"(   Woman  Man
0      2    7"
83,83,100,10,1,1,32,0.99,1.0,0.1,0.995,0.001,-150775,"(   Woman  Man
0      2    7"
84,84,100,10,1,1,32,0.99,1.0,0.001,0.985,0.0005,-148471,"(   Woman  Man
0      3    6"
85,85,100,10,1,1,32,0.99,1.0,0.001,0.985,0.001,-148471,"(   Woman  Man
0      3    6"
86,86,100,10,1,1,32,0.99,1.0,0.001,0.995,0.0005,-148107,"(   Woman  Man
0      2    7"
87,87,100,10,1,1,32,0.99,1.0,0.001,0.995,0.001,-147909,"(   Woman  Man
0      3    6"
88,88,100,10,1,1,32,0.99,0.5,0.1,0.985,0.0005,-169604,"(   Woman  Man
0      2    7"
89,89,100,10,1,1,32,0.99,0.5,0.1,0.985,0.001,-148107,"(   Woman  Man
0      2    7"
90,90,100,10,1,1,32,0.99,0.5,0.1,0.995,0.0005,-150213,"(   Woman  Man
0      2    7"
91,91,100,10,1,1,32,0.99,0.5,0.1,0.995,0.001,-148107,"(   Woman  Man
0      2    7"
92,92,100,10,1,1,32,0.99,0.5,0.001,0.985,0.0005,-147909,"(   Woman  Man
0      3    6"
93,93,100,10,1,1,32,0.99,0.5,0.001,0.985,0.001,-147909,"(   Woman  Man
0      3    6"
94,94,100,10,1,1,32,0.99,0.5,0.001,0.995,0.0005,-156660,"(   Woman  Man
0      3    6"
95,95,100,10,1,1,32,0.99,0.5,0.001,0.995,0.001,-150411,"(   Woman  Man
0      1    8"
96,96,100,10,1,1,64,0.9,1.0,0.1,0.985,0.0005,-148107,"(   Woman  Man
0      2    7"
97,97,100,10,1,1,64,0.9,1.0,0.1,0.985,0.001,-147909,"(   Woman  Man
0      3    6"
98,98,100,10,1,1,64,0.9,1.0,0.1,0.995,0.0005,-150411,"(   Woman  Man
0      1    8"
99,99,100,10,1,1,64,0.9,1.0,0.1,0.995,0.001,-148471,"(   Woman  Man
0      3    6"
100,100,100,10,1,1,64,0.9,1.0,0.001,0.985,0.0005,-150775,"(   Woman  Man
0      2    7"
101,101,100,10,1,1,64,0.9,1.0,0.001,0.985,0.001,-148669,"(   Woman  Man
0      2    7"
102,102,100,10,1,1,64,0.9,1.0,0.001,0.995,0.0005,-150107,"(   Woman  Man
0      2    7"
103,103,100,10,1,1,64,0.9,1.0,0.001,0.995,0.001,-147909,"(   Woman  Man
0      3    6"
104,104,100,10,1,1,64,0.9,0.5,0.1,0.985,0.0005,-148107,"(   Woman  Man
0      2    7"
105,105,100,10,1,1,64,0.9,0.5,0.1,0.985,0.001,-147909,"(   Woman  Man
0      3    6"
106,106,100,10,1,1,64,0.9,0.5,0.1,0.995,0.0005,-148107,"(   Woman  Man
0      2    7"
107,107,100,10,1,1,64,0.9,0.5,0.1,0.995,0.001,-148107,"(   Woman  Man
0      2    7"
108,108,100,10,1,1,64,0.9,0.5,0.001,0.985,0.0005,-147909,"(   Woman  Man
0      3    6"
109,109,100,10,1,1,64,0.9,0.5,0.001,0.985,0.001,-148471,"(   Woman  Man
0      3    6"
110,110,100,10,1,1,64,0.9,0.5,0.001,0.995,0.0005,-148107,"(   Woman  Man
0      2    7"
111,111,100,10,1,1,64,0.9,0.5,0.001,0.995,0.001,-148471,"(   Woman  Man
0      3    6"
112,112,100,10,1,1,64,0.95,1.0,0.1,0.985,0.0005,-148107,"(   Woman  Man
0      2    7"
113,113,100,10,1,1,64,0.95,1.0,0.1,0.985,0.001,-148107,"(   Woman  Man
0      2    7"
114,114,100,10,1,1,64,0.95,1.0,0.1,0.995,0.0005,-150107,"(   Woman  Man
0      2    7"
115,115,100,10,1,1,64,0.95,1.0,0.1,0.995,0.001,-150471,"(   Woman  Man
0      3    6"
116,116,100,10,1,1,64,0.95,1.0,0.001,0.985,0.0005,-148471,"(   Woman  Man
0      3    6"
117,117,100,10,1,1,64,0.95,1.0,0.001,0.985,0.001,-150669,"(   Woman  Man
0      2    7"
118,118,100,10,1,1,64,0.95,1.0,0.001,0.995,0.0005,-149909,"(   Woman  Man
0      3    6"
119,119,100,10,1,1,64,0.95,1.0,0.001,0.995,0.001,-148669,"(   Woman  Man
0      2    7"
120,120,100,10,1,1,64,0.95,0.5,0.1,0.985,0.0005,-148107,"(   Woman  Man
0      2    7"
121,121,100,10,1,1,64,0.95,0.5,0.1,0.985,0.001,-150775,"(   Woman  Man
0      2    7"
122,122,100,10,1,1,64,0.95,0.5,0.1,0.995,0.0005,-148107,"(   Woman  Man
0      2    7"
123,123,100,10,1,1,64,0.95,0.5,0.1,0.995,0.001,-147909,"(   Woman  Man
0      3    6"
124,124,100,10,1,1,64,0.95,0.5,0.001,0.985,0.0005,-200657,"(   Woman  Man
0      3    6"
125,125,100,10,1,1,64,0.95,0.5,0.001,0.985,0.001,-148669,"(   Woman  Man
0      2    7"
126,126,100,10,1,1,64,0.95,0.5,0.001,0.995,0.0005,-147909,"(   Woman  Man
0      3    6"
127,127,100,10,1,1,64,0.95,0.5,0.001,0.995,0.001,-170492,"(   Woman  Man
0      2    7"
128,128,100,10,1,1,64,0.99,1.0,0.1,0.985,0.0005,-147909,"(   Woman  Man
0      3    6"
129,129,100,10,1,1,64,0.99,1.0,0.1,0.985,0.001,-148471,"(   Woman  Man
0      3    6"
130,130,100,10,1,1,64,0.99,1.0,0.1,0.995,0.0005,-150107,"(   Woman  Man
0      2    7"
131,131,100,10,1,1,64,0.99,1.0,0.1,0.995,0.001,-150107,"(   Woman  Man
0      2    7"
132,132,100,10,1,1,64,0.99,1.0,0.001,0.985,0.0005,-149909,"(   Woman  Man
0      3    6"
133,133,100,10,1,1,64,0.99,1.0,0.001,0.985,0.001,-150471,"(   Woman  Man
0      3    6"
134,134,100,10,1,1,64,0.99,1.0,0.001,0.995,0.0005,-158126,"(   Woman  Man
0      2    7"
135,135,100,10,1,1,64,0.99,1.0,0.001,0.995,0.001,-150213,"(   Woman  Man
0      2    7"
136,136,100,10,1,1,64,0.99,0.5,0.1,0.985,0.0005,-170128,"(   Woman  Man
0      1    8"
137,137,100,10,1,1,64,0.99,0.5,0.1,0.985,0.001,-153396,"(   Woman  Man
0      2    7"
138,138,100,10,1,1,64,0.99,0.5,0.1,0.995,0.0005,-148669,"(   Woman  Man
0      2    7"
139,139,100,10,1,1,64,0.99,0.5,0.1,0.995,0.001,-148107,"(   Woman  Man
0      2    7"
140,140,100,10,1,1,64,0.99,0.5,0.001,0.985,0.0005,-166536,"(   Woman  Man
0      1    8"
141,141,100,10,1,1,64,0.99,0.5,0.001,0.985,0.001,-148471,"(   Woman  Man
0      3    6"
142,142,100,10,1,1,64,0.99,0.5,0.001,0.995,0.0005,-147909,"(   Woman  Man
0      3    6"
143,143,100,10,1,1,64,0.99,0.5,0.001,0.995,0.001,-150669,"(   Woman  Man
0      2    7"
144,144,100,20,1,1,16,0.9,1.0,0.1,0.985,0.0005,-382606,"(   Woman  Man
0      4   14"
145,145,100,20,1,1,16,0.9,1.0,0.1,0.985,0.001,-458133,"(   Woman  Man
0      4   14"
146,146,100,20,1,1,16,0.9,1.0,0.1,0.995,0.0005,-382606,"(   Woman  Man
0      4   14"
147,147,100,20,1,1,16,0.9,1.0,0.1,0.995,0.001,-472787,"(   Woman  Man
0      4   14"
148,148,100,20,1,1,16,0.9,1.0,0.001,0.985,0.0005,-404787,"(   Woman  Man
0      4   14"
149,149,100,20,1,1,16,0.9,1.0,0.001,0.985,0.001,-539138,"(   Woman  Man
0      3   15"
150,150,100,20,1,1,16,0.9,1.0,0.001,0.995,0.0005,-382606,"(   Woman  Man
0      4   14"
151,151,100,20,1,1,16,0.9,1.0,0.001,0.995,0.001,-514196,"(   Woman  Man
0      3   15"
152,152,100,20,1,1,16,0.9,0.5,0.1,0.985,0.0005,-382606,"(   Woman  Man
0      4   14"
153,153,100,20,1,1,16,0.9,0.5,0.1,0.985,0.001,-451811,"(   Woman  Man
0      5   13"
154,154,100,20,1,1,16,0.9,0.5,0.1,0.995,0.0005,-382606,"(   Woman  Man
0      4   14"
155,155,100,20,1,1,16,0.9,0.5,0.1,0.995,0.001,-548283,"(   Woman  Man
0      3   15"
156,156,100,20,1,1,16,0.9,0.5,0.001,0.985,0.0005,-383253,"(   Woman  Man
0      4   14"
157,157,100,20,1,1,16,0.9,0.5,0.001,0.985,0.001,-461734,"(   Woman  Man
0      5   13"
158,158,100,20,1,1,16,0.9,0.5,0.001,0.995,0.0005,-383253,"(   Woman  Man
0      4   14"
159,159,100,20,1,1,16,0.9,0.5,0.001,0.995,0.001,-497564,"(   Woman  Man
0      4   14"
160,160,100,20,1,1,16,0.95,1.0,0.1,0.985,0.0005,-382606,"(   Woman  Man
0      4   14"
161,161,100,20,1,1,16,0.95,1.0,0.1,0.985,0.001,-522800,"(   Woman  Man
0      4   14"
162,162,100,20,1,1,16,0.95,1.0,0.1,0.995,0.0005,-410020,"(   Woman  Man
0      4   14"
163,163,100,20,1,1,16,0.95,1.0,0.1,0.995,0.001,-470718,"(   Woman  Man
0      5   13"
164,164,100,20,1,1,16,0.95,1.0,0.001,0.985,0.0005,-398283,"(   Woman  Man
0      4   14"
165,165,100,20,1,1,16,0.95,1.0,0.001,0.985,0.001,-458534,"(   Woman  Man
0      4   14"
166,166,100,20,1,1,16,0.95,1.0,0.001,0.995,0.0005,-389004,"(   Woman  Man
0      5   13"
167,167,100,20,1,1,16,0.95,1.0,0.001,0.995,0.001,-499005,"(   Woman  Man
0      4   14"
168,168,100,20,1,1,16,0.95,0.5,0.1,0.985,0.0005,-403959,"(   Woman  Man
0      4   14"
169,169,100,20,1,1,16,0.95,0.5,0.1,0.985,0.001,-448064,"(   Woman  Man
0      4   14"
170,170,100,20,1,1,16,0.95,0.5,0.1,0.995,0.0005,-400166,"(   Woman  Man
0      5   13"
171,171,100,20,1,1,16,0.95,0.5,0.1,0.995,0.001,-580667,"(   Woman  Man
0      5   13"
172,172,100,20,1,1,16,0.95,0.5,0.001,0.985,0.0005,-451725,"(   Woman  Man
0      5   13"
173,173,100,20,1,1,16,0.95,0.5,0.001,0.985,0.001,-438930,"(   Woman  Man
0      3   15"
174,174,100,20,1,1,16,0.95,0.5,0.001,0.995,0.0005,-431512,"(   Woman  Man
0      4   14"
175,175,100,20,1,1,16,0.95,0.5,0.001,0.995,0.001,-485568,"(   Woman  Man
0      5   13"
176,176,100,20,1,1,16,0.99,1.0,0.1,0.985,0.0005,-382606,"(   Woman  Man
0      4   14"
177,177,100,20,1,1,16,0.99,1.0,0.1,0.985,0.001,-475221,"(   Woman  Man
0      4   14"
178,178,100,20,1,1,16,0.99,1.0,0.1,0.995,0.0005,-432847,"(   Woman  Man
0      4   14"
179,179,100,20,1,1,16,0.99,1.0,0.1,0.995,0.001,-446101,"(   Woman  Man
0      5   13"
180,180,100,20,1,1,16,0.99,1.0,0.001,0.985,0.0005,-441778,"(   Woman  Man
0      4   14"
181,181,100,20,1,1,16,0.99,1.0,0.001,0.985,0.001,-463691,"(   Woman  Man
0      4   14"
182,182,100,20,1,1,16,0.99,1.0,0.001,0.995,0.0005,-398602,"(   Woman  Man
0      4   14"
183,183,100,20,1,1,16,0.99,1.0,0.001,0.995,0.001,-488668,"(   Woman  Man
0      5   13"
184,184,100,20,1,1,16,0.99,0.5,0.1,0.985,0.0005,-422851,"(   Woman  Man
0      4   14"
185,185,100,20,1,1,16,0.99,0.5,0.1,0.985,0.001,-436181,"(   Woman  Man
0      4   14"
186,186,100,20,1,1,16,0.99,0.5,0.1,0.995,0.0005,-385253,"(   Woman  Man
0      4   14"
187,187,100,20,1,1,16,0.99,0.5,0.1,0.995,0.001,-626428,"(   Woman  Man
0      4   14"
188,188,100,20,1,1,16,0.99,0.5,0.001,0.985,0.0005,-532375,"(   Woman  Man
0      2   16"
189,189,100,20,1,1,16,0.99,0.5,0.001,0.985,0.001,-427519,"(   Woman  Man
0      3   15"
190,190,100,20,1,1,16,0.99,0.5,0.001,0.995,0.0005,-469181,"(   Woman  Man
0      4   14"
191,191,100,20,1,1,16,0.99,0.5,0.001,0.995,0.001,-571972,"(   Woman  Man
0      2   16"
192,192,100,20,1,1,32,0.9,1.0,0.1,0.985,0.0005,-382606,"(   Woman  Man
0      4   14"
193,193,100,20,1,1,32,0.9,1.0,0.1,0.985,0.001,-405172,"(   Woman  Man
0      4   14"
194,194,100,20,1,1,32,0.9,1.0,0.1,0.995,0.0005,-382606,"(   Woman  Man
0      4   14"
195,195,100,20,1,1,32,0.9,1.0,0.1,0.995,0.001,-636131,"(   Woman  Man
0      3   15"
196,196,100,20,1,1,32,0.9,1.0,0.001,0.985,0.0005,-382606,"(   Woman  Man
0      4   14"
197,197,100,20,1,1,32,0.9,1.0,0.001,0.985,0.001,-419494,"(   Woman  Man
0      5   13"
198,198,100,20,1,1,32,0.9,1.0,0.001,0.995,0.0005,-382606,"(   Woman  Man
0      4   14"
199,199,100,20,1,1,32,0.9,1.0,0.001,0.995,0.001,-382606,"(   Woman  Man
0      4   14"
200,200,100,20,1,1,32,0.9,0.5,0.1,0.985,0.0005,-382606,"(   Woman  Man
0      4   14"
201,201,100,20,1,1,32,0.9,0.5,0.1,0.985,0.001,-454034,"(   Woman  Man
0      4   14"
202,202,100,20,1,1,32,0.9,0.5,0.1,0.995,0.0005,-382606,"(   Woman  Man
0      4   14"
203,203,100,20,1,1,32,0.9,0.5,0.1,0.995,0.001,-523208,"(   Woman  Man
0      2   16"
204,204,100,20,1,1,32,0.9,0.5,0.001,0.985,0.0005,-383253,"(   Woman  Man
0      4   14"
205,205,100,20,1,1,32,0.9,0.5,0.001,0.985,0.001,-561862,"(   Woman  Man
0      3   15"
206,206,100,20,1,1,32,0.9,0.5,0.001,0.995,0.0005,-389004,"(   Woman  Man
0      5   13"
207,207,100,20,1,1,32,0.9,0.5,0.001,0.995,0.001,-580921,"(   Woman  Man
0      4   14"
208,208,100,20,1,1,32,0.95,1.0,0.1,0.985,0.0005,-383253,"(   Woman  Man
0      4   14"
209,209,100,20,1,1,32,0.95,1.0,0.1,0.985,0.001,-498661,"(   Woman  Man
0      5   13"
210,210,100,20,1,1,32,0.95,1.0,0.1,0.995,0.0005,-383253,"(   Woman  Man
0      4   14"
211,211,100,20,1,1,32,0.95,1.0,0.1,0.995,0.001,-516001,"(   Woman  Man
0      3   15"
212,212,100,20,1,1,32,0.95,1.0,0.001,0.985,0.0005,-408744,"(   Woman  Man
0      4   14"
213,213,100,20,1,1,32,0.95,1.0,0.001,0.985,0.001,-602246,"(   Woman  Man
0      3   15"
214,214,100,20,1,1,32,0.95,1.0,0.001,0.995,0.0005,-382606,"(   Woman  Man
0      4   14"
215,215,100,20,1,1,32,0.95,1.0,0.001,0.995,0.001,-557458,"(   Woman  Man
0      3   15"
216,216,100,20,1,1,32,0.95,0.5,0.1,0.985,0.0005,-382606,"(   Woman  Man
0      4   14"
217,217,100,20,1,1,32,0.95,0.5,0.1,0.985,0.001,-476521,"(   Woman  Man
0      4   14"
218,218,100,20,1,1,32,0.95,0.5,0.1,0.995,0.0005,-385253,"(   Woman  Man
0      4   14"
219,219,100,20,1,1,32,0.95,0.5,0.1,0.995,0.001,-385253,"(   Woman  Man
0      4   14"
220,220,100,20,1,1,32,0.95,0.5,0.001,0.985,0.0005,-385253,"(   Woman  Man
0      4   14"
221,221,100,20,1,1,32,0.95,0.5,0.001,0.985,0.001,-535461,"(   Woman  Man
0      3   15"
222,222,100,20,1,1,32,0.95,0.5,0.001,0.995,0.0005,-383253,"(   Woman  Man
0      4   14"
223,223,100,20,1,1,32,0.95,0.5,0.001,0.995,0.001,-511772,"(   Woman  Man
0      4   14"
224,224,100,20,1,1,32,0.99,1.0,0.1,0.985,0.0005,-382606,"(   Woman  Man
0      4   14"
225,225,100,20,1,1,32,0.99,1.0,0.1,0.985,0.001,-466804,"(   Woman  Man
0      5   13"
226,226,100,20,1,1,32,0.99,1.0,0.1,0.995,0.0005,-419611,"(   Woman  Man
0      4   14"
227,227,100,20,1,1,32,0.99,1.0,0.1,0.995,0.001,-547969,"(   Woman  Man
0      5   13"
228,228,100,20,1,1,32,0.99,1.0,0.001,0.985,0.0005,-408166,"(   Woman  Man
0      4   14"
229,229,100,20,1,1,32,0.99,1.0,0.001,0.985,0.001,-516292,"(   Woman  Man
0      6   12"
230,230,100,20,1,1,32,0.99,1.0,0.001,0.995,0.0005,-421512,"(   Woman  Man
0      4   14"
231,231,100,20,1,1,32,0.99,1.0,0.001,0.995,0.001,-382606,"(   Woman  Man
0      4   14"
232,232,100,20,1,1,32,0.99,0.5,0.1,0.985,0.0005,-385253,"(   Woman  Man
0      4   14"
233,233,100,20,1,1,32,0.99,0.5,0.1,0.985,0.001,-505243,"(   Woman  Man
0      4   14"
234,234,100,20,1,1,32,0.99,0.5,0.1,0.995,0.0005,-393917,"(   Woman  Man
0      5   13"
235,235,100,20,1,1,32,0.99,0.5,0.1,0.995,0.001,-552891,"(   Woman  Man
0      3   15"
236,236,100,20,1,1,32,0.99,0.5,0.001,0.985,0.0005,-385253,"(   Woman  Man
0      4   14"
237,237,100,20,1,1,32,0.99,0.5,0.001,0.985,0.001,-532773,"(   Woman  Man
0      3   15"
238,238,100,20,1,1,32,0.99,0.5,0.001,0.995,0.0005,-391232,"(   Woman  Man
0      4   14"
239,239,100,20,1,1,32,0.99,0.5,0.001,0.995,0.001,-557071,"(   Woman  Man
0      3   15"
240,240,100,20,1,1,64,0.9,1.0,0.1,0.985,0.0005,-382606,"(   Woman  Man
0      4   14"
241,241,100,20,1,1,64,0.9,1.0,0.1,0.985,0.001,-383253,"(   Woman  Man
0      4   14"
242,242,100,20,1,1,64,0.9,1.0,0.1,0.995,0.0005,-383253,"(   Woman  Man
0      4   14"
243,243,100,20,1,1,64,0.9,1.0,0.1,0.995,0.001,-399754,"(   Woman  Man
0      4   14"
244,244,100,20,1,1,64,0.9,1.0,0.001,0.985,0.0005,-383253,"(   Woman  Man
0      4   14"
245,245,100,20,1,1,64,0.9,1.0,0.001,0.985,0.001,-404521,"(   Woman  Man
0      4   14"
246,246,100,20,1,1,64,0.9,1.0,0.001,0.995,0.0005,-382606,"(   Woman  Man
0      4   14"
247,247,100,20,1,1,64,0.9,1.0,0.001,0.995,0.001,-383253,"(   Woman  Man
0      4   14"
248,248,100,20,1,1,64,0.9,0.5,0.1,0.985,0.0005,-383253,"(   Woman  Man
0      4   14"
249,249,100,20,1,1,64,0.9,0.5,0.1,0.985,0.001,-382606,"(   Woman  Man
0      4   14"
250,250,100,20,1,1,64,0.9,0.5,0.1,0.995,0.0005,-385253,"(   Woman  Man
0      4   14"
251,251,100,20,1,1,64,0.9,0.5,0.1,0.995,0.001,-382606,"(   Woman  Man
0      4   14"
252,252,100,20,1,1,64,0.9,0.5,0.001,0.985,0.0005,-382606,"(   Woman  Man
0      4   14"
253,253,100,20,1,1,64,0.9,0.5,0.001,0.985,0.001,-383253,"(   Woman  Man
0      4   14"
254,254,100,20,1,1,64,0.9,0.5,0.001,0.995,0.0005,-383253,"(   Woman  Man
0      4   14"
255,255,100,20,1,1,64,0.9,0.5,0.001,0.995,0.001,-382606,"(   Woman  Man
0      4   14"
256,256,100,20,1,1,64,0.95,1.0,0.1,0.985,0.0005,-383253,"(   Woman  Man
0      4   14"
257,257,100,20,1,1,64,0.95,1.0,0.1,0.985,0.001,-383253,"(   Woman  Man
0      4   14"
258,258,100,20,1,1,64,0.95,1.0,0.1,0.995,0.0005,-382606,"(   Woman  Man
0      4   14"
259,259,100,20,1,1,64,0.95,1.0,0.1,0.995,0.001,-382606,"(   Woman  Man
0      4   14"
260,260,100,20,1,1,64,0.95,1.0,0.001,0.985,0.0005,-390166,"(   Woman  Man
0      4   14"
261,261,100,20,1,1,64,0.95,1.0,0.001,0.985,0.001,-382606,"(   Woman  Man
0      4   14"
262,262,100,20,1,1,64,0.95,1.0,0.001,0.995,0.0005,-382606,"(   Woman  Man
0      4   14"
263,263,100,20,1,1,64,0.95,1.0,0.001,0.995,0.001,-382606,"(   Woman  Man
0      4   14"
264,264,100,20,1,1,64,0.95,0.5,0.1,0.985,0.0005,-405168,"(   Woman  Man
0      4   14"
265,265,100,20,1,1,64,0.95,0.5,0.1,0.985,0.001,-383253,"(   Woman  Man
0      4   14"
266,266,100,20,1,1,64,0.95,0.5,0.1,0.995,0.0005,-385253,"(   Woman  Man
0      4   14"
267,267,100,20,1,1,64,0.95,0.5,0.1,0.995,0.001,-404521,"(   Woman  Man
0      4   14"
268,268,100,20,1,1,64,0.95,0.5,0.001,0.985,0.0005,-400166,"(   Woman  Man
0      4   14"
269,269,100,20,1,1,64,0.95,0.5,0.001,0.985,0.001,-383253,"(   Woman  Man
0      4   14"
270,270,100,20,1,1,64,0.95,0.5,0.001,0.995,0.0005,-382606,"(   Woman  Man
0      4   14"
271,271,100,20,1,1,64,0.95,0.5,0.001,0.995,0.001,-382606,"(   Woman  Man
0      4   14"
272,272,100,20,1,1,64,0.99,1.0,0.1,0.985,0.0005,-383253,"(   Woman  Man
0      4   14"
273,273,100,20,1,1,64,0.99,1.0,0.1,0.985,0.001,-382606,"(   Woman  Man
0      4   14"
274,274,100,20,1,1,64,0.99,1.0,0.1,0.995,0.0005,-385253,"(   Woman  Man
0      4   14"
275,275,100,20,1,1,64,0.99,1.0,0.1,0.995,0.001,-385253,"(   Woman  Man
0      4   14"
276,276,100,20,1,1,64,0.99,1.0,0.001,0.985,0.0005,-385253,"(   Woman  Man
0      4   14"
277,277,100,20,1,1,64,0.99,1.0,0.001,0.985,0.001,-387519,"(   Woman  Man
0      4   14"
278,278,100,20,1,1,64,0.99,1.0,0.001,0.995,0.0005,-382606,"(   Woman  Man
0      4   14"
279,279,100,20,1,1,64,0.99,1.0,0.001,0.995,0.001,-382606,"(   Woman  Man
0      4   14"
280,280,100,20,1,1,64,0.99,0.5,0.1,0.985,0.0005,-383253,"(   Woman  Man
0      4   14"
281,281,100,20,1,1,64,0.99,0.5,0.1,0.985,0.001,-382606,"(   Woman  Man
0      4   14"
282,282,100,20,1,1,64,0.99,0.5,0.1,0.995,0.0005,-389519,"(   Woman  Man
0      4   14"
283,283,100,20,1,1,64,0.99,0.5,0.1,0.995,0.001,-459607,"(   Woman  Man
0      4   14"
284,284,100,20,1,1,64,0.99,0.5,0.001,0.985,0.0005,-501215,"(   Woman  Man
0      4   14"
285,285,100,20,1,1,64,0.99,0.5,0.001,0.985,0.001,-382606,"(   Woman  Man
0      4   14"
286,286,100,20,1,1,64,0.99,0.5,0.001,0.995,0.0005,-382606,"(   Woman  Man
0      4   14"
287,287,100,20,1,1,64,0.99,0.5,0.001,0.995,0.001,-524130,"(   Woman  Man
0      4   14"
288,288,100,50,1,1,16,0.9,1.0,0.1,0.985,0.0005,-1763525,"(   Woman  Man
0      8   32"
289,289,100,50,1,1,16,0.9,1.0,0.1,0.985,0.001,-2061449,"(   Woman  Man
0      8   32"
290,290,100,50,1,1,16,0.9,1.0,0.1,0.995,0.0005,-1805588,"(   Woman  Man
0      8   33"
291,291,100,50,1,1,16,0.9,1.0,0.1,0.995,0.001,-1830728,"(   Woman  Man
0      7   33"
292,292,100,50,1,1,16,0.9,1.0,0.001,0.985,0.0005,-1686961,"(   Woman  Man
0      7   33"
293,293,100,50,1,1,16,0.9,1.0,0.001,0.985,0.001,-2060681,"(   Woman  Man
0      9   32"
294,294,100,50,1,1,16,0.9,1.0,0.001,0.995,0.0005,-1753013,"(   Woman  Man
0      8   32"
295,295,100,50,1,1,16,0.9,1.0,0.001,0.995,0.001,-1932226,"(   Woman  Man
0      7   34"
296,296,100,50,1,1,16,0.9,0.5,0.1,0.985,0.0005,-1738709,"(   Woman  Man
0      7   34"
297,297,100,50,1,1,16,0.9,0.5,0.1,0.985,0.001,-1722573,"(   Woman  Man
0      9   31"
298,298,100,50,1,1,16,0.9,0.5,0.1,0.995,0.0005,-1733407,"(   Woman  Man
0      7   33"
299,299,100,50,1,1,16,0.9,0.5,0.1,0.995,0.001,-2085664,"(   Woman  Man
0      9   31"
300,300,100,50,1,1,16,0.9,0.5,0.001,0.985,0.0005,-1645243,"(   Woman  Man
0      8   32"
301,301,100,50,1,1,16,0.9,0.5,0.001,0.985,0.001,-1798273,"(   Woman  Man
0      7   34"
302,302,100,50,1,1,16,0.9,0.5,0.001,0.995,0.0005,-1661014,"(   Woman  Man
0      8   31"
303,303,100,50,1,1,16,0.9,0.5,0.001,0.995,0.001,-2239515,"(   Woman  Man
0      8   32"
304,304,100,50,1,1,16,0.95,1.0,0.1,0.985,0.0005,-1777118,"(   Woman  Man
0      8   32"
305,305,100,50,1,1,16,0.95,1.0,0.1,0.985,0.001,-2150987,"(   Woman  Man
0      9   31"
306,306,100,50,1,1,16,0.95,1.0,0.1,0.995,0.0005,-1709927,"(   Woman  Man
0      7   32"
307,307,100,50,1,1,16,0.95,1.0,0.1,0.995,0.001,-1720372,"(   Woman  Man
0      7   32"
308,308,100,50,1,1,16,0.95,1.0,0.001,0.985,0.0005,-1717494,"(   Woman  Man
0      8   32"
309,309,100,50,1,1,16,0.95,1.0,0.001,0.985,0.001,-1835145,"(   Woman  Man
0      8   32"
310,310,100,50,1,1,16,0.95,1.0,0.001,0.995,0.0005,-1668617,"(   Woman  Man
0      7   32"
311,311,100,50,1,1,16,0.95,1.0,0.001,0.995,0.001,-1792136,"(   Woman  Man
0      7   33"
312,312,100,50,1,1,16,0.95,0.5,0.1,0.985,0.0005,-1771888,"(   Woman  Man
0      7   33"
313,313,100,50,1,1,16,0.95,0.5,0.1,0.985,0.001,-1847002,"(   Woman  Man
0      7   34"
314,314,100,50,1,1,16,0.95,0.5,0.1,0.995,0.0005,-1780403,"(   Woman  Man
0      7   33"
315,315,100,50,1,1,16,0.95,0.5,0.1,0.995,0.001,-1856029,"(   Woman  Man
0      8   32"
316,316,100,50,1,1,16,0.95,0.5,0.001,0.985,0.0005,-1695343,"(   Woman  Man
0      8   32"
317,317,100,50,1,1,16,0.95,0.5,0.001,0.985,0.001,-1734597,"(   Woman  Man
0      7   33"
318,318,100,50,1,1,16,0.95,0.5,0.001,0.995,0.0005,-1769048,"(   Woman  Man
0      7   33"
319,319,100,50,1,1,16,0.95,0.5,0.001,0.995,0.001,-1815645,"(   Woman  Man
0      8   32"
320,320,100,50,1,1,16,0.99,1.0,0.1,0.985,0.0005,-1892495,"(   Woman  Man
0      8   33"
321,321,100,50,1,1,16,0.99,1.0,0.1,0.985,0.001,-2098129,"(   Woman  Man
0      7   34"
322,322,100,50,1,1,16,0.99,1.0,0.1,0.995,0.0005,-1886426,"(   Woman  Man
0      7   33"
323,323,100,50,1,1,16,0.99,1.0,0.1,0.995,0.001,-1766092,"(   Woman  Man
0      8   31"
324,324,100,50,1,1,16,0.99,1.0,0.001,0.985,0.0005,-1658359,"(   Woman  Man
0      6   33"
325,325,100,50,1,1,16,0.99,1.0,0.001,0.985,0.001,-2017552,"(   Woman  Man
0      7   33"
326,326,100,50,1,1,16,0.99,1.0,0.001,0.995,0.0005,-1746051,"(   Woman  Man
0      8   32"
327,327,100,50,1,1,16,0.99,1.0,0.001,0.995,0.001,-1809367,"(   Woman  Man
0      9   30"
328,328,100,50,1,1,16,0.99,0.5,0.1,0.985,0.0005,-1797603,"(   Woman  Man
0      7   34"
329,329,100,50,1,1,16,0.99,0.5,0.1,0.985,0.001,-1725383,"(   Woman  Man
0      7   33"
330,330,100,50,1,1,16,0.99,0.5,0.1,0.995,0.0005,-1789540,"(   Woman  Man
0      8   32"
331,331,100,50,1,1,16,0.99,0.5,0.1,0.995,0.001,-1783730,"(   Woman  Man
0     10   30"
332,332,100,50,1,1,16,0.99,0.5,0.001,0.985,0.0005,-1705738,"(   Woman  Man
0      7   33"
333,333,100,50,1,1,16,0.99,0.5,0.001,0.985,0.001,-1798236,"(   Woman  Man
0      7   33"
334,334,100,50,1,1,16,0.99,0.5,0.001,0.995,0.0005,-1686672,"(   Woman  Man
0      8   31"
335,335,100,50,1,1,16,0.99,0.5,0.001,0.995,0.001,-1741207,"(   Woman  Man
0      7   32"
336,336,100,50,1,1,32,0.9,1.0,0.1,0.985,0.0005,-1642595,"(   Woman  Man
0      7   33"
337,337,100,50,1,1,32,0.9,1.0,0.1,0.985,0.001,-1811329,"(   Woman  Man
0      8   33"
338,338,100,50,1,1,32,0.9,1.0,0.1,0.995,0.0005,-1723483,"(   Woman  Man
0      8   32"
339,339,100,50,1,1,32,0.9,1.0,0.1,0.995,0.001,-1738803,"(   Woman  Man
0      8   33"
340,340,100,50,1,1,32,0.9,1.0,0.001,0.985,0.0005,-1875862,"(   Woman  Man
0      9   32"
341,341,100,50,1,1,32,0.9,1.0,0.001,0.985,0.001,-1702314,"(   Woman  Man
0      8   32"
342,342,100,50,1,1,32,0.9,1.0,0.001,0.995,0.0005,-1781864,"(   Woman  Man
0      8   33"
343,343,100,50,1,1,32,0.9,1.0,0.001,0.995,0.001,-1845164,"(   Woman  Man
0      9   32"
344,344,100,50,1,1,32,0.9,0.5,0.1,0.985,0.0005,-1724017,"(   Woman  Man
0      8   31"
345,345,100,50,1,1,32,0.9,0.5,0.1,0.985,0.001,-1856916,"(   Woman  Man
0      8   33"
346,346,100,50,1,1,32,0.9,0.5,0.1,0.995,0.0005,-1675934,"(   Woman  Man
0      8   32"
347,347,100,50,1,1,32,0.9,0.5,0.1,0.995,0.001,-1849901,"(   Woman  Man
0      7   34"
348,348,100,50,1,1,32,0.9,0.5,0.001,0.985,0.0005,-1713336,"(   Woman  Man
0      7   32"
349,349,100,50,1,1,32,0.9,0.5,0.001,0.985,0.001,-1770237,"(   Woman  Man
0      9   31"
350,350,100,50,1,1,32,0.9,0.5,0.001,0.995,0.0005,-1705162,"(   Woman  Man
0      7   33"
351,351,100,50,1,1,32,0.9,0.5,0.001,0.995,0.001,-1598059,"(   Woman  Man
0      7   33"
352,352,100,50,1,1,32,0.95,1.0,0.1,0.985,0.0005,-1809132,"(   Woman  Man
0      7   33"
353,353,100,50,1,1,32,0.95,1.0,0.1,0.985,0.001,-1740620,"(   Woman  Man
0      5   35"
354,354,100,50,1,1,32,0.95,1.0,0.1,0.995,0.0005,-1831055,"(   Woman  Man
0      9   31"
355,355,100,50,1,1,32,0.95,1.0,0.1,0.995,0.001,-1832452,"(   Woman  Man
0      8   33"
356,356,100,50,1,1,32,0.95,1.0,0.001,0.985,0.0005,-1650021,"(   Woman  Man
0      7   32"
357,357,100,50,1,1,32,0.95,1.0,0.001,0.985,0.001,-1793681,"(   Woman  Man
0      8   32"
358,358,100,50,1,1,32,0.95,1.0,0.001,0.995,0.0005,-1775887,"(   Woman  Man
0      7   34"
359,359,100,50,1,1,32,0.95,1.0,0.001,0.995,0.001,-1790669,"(   Woman  Man
0      7   33"
360,360,100,50,1,1,32,0.95,0.5,0.1,0.985,0.0005,-1865504,"(   Woman  Man
0      9   31"
361,361,100,50,1,1,32,0.95,0.5,0.1,0.985,0.001,-1757720,"(   Woman  Man
0      8   32"
362,362,100,50,1,1,32,0.95,0.5,0.1,0.995,0.0005,-1897550,"(   Woman  Man
0      7   34"
363,363,100,50,1,1,32,0.95,0.5,0.1,0.995,0.001,-1728235,"(   Woman  Man
0      7   33"
364,364,100,50,1,1,32,0.95,0.5,0.001,0.985,0.0005,-1582071,"(   Woman  Man
0      7   32"
365,365,100,50,1,1,32,0.95,0.5,0.001,0.985,0.001,-1694811,"(   Woman  Man
0      8   32"
366,366,100,50,1,1,32,0.95,0.5,0.001,0.995,0.0005,-1744145,"(   Woman  Man
0      6   34"
367,367,100,50,1,1,32,0.95,0.5,0.001,0.995,0.001,-1730938,"(   Woman  Man
0      7   33"
368,368,100,50,1,1,32,0.99,1.0,0.1,0.985,0.0005,-1732077,"(   Woman  Man
0      7   33"
369,369,100,50,1,1,32,0.99,1.0,0.1,0.985,0.001,-1822502,"(   Woman  Man
0      9   32"
370,370,100,50,1,1,32,0.99,1.0,0.1,0.995,0.0005,-1856108,"(   Woman  Man
0      7   34"
371,371,100,50,1,1,32,0.99,1.0,0.1,0.995,0.001,-1952065,"(   Woman  Man
0     10   31"
372,372,100,50,1,1,32,0.99,1.0,0.001,0.985,0.0005,-1741047,"(   Woman  Man
0      7   33"
373,373,100,50,1,1,32,0.99,1.0,0.001,0.985,0.001,-1771669,"(   Woman  Man
0      9   31"
374,374,100,50,1,1,32,0.99,1.0,0.001,0.995,0.0005,-1776170,"(   Woman  Man
0      7   33"
375,375,100,50,1,1,32,0.99,1.0,0.001,0.995,0.001,-1860246,"(   Woman  Man
0      8   33"
376,376,100,50,1,1,32,0.99,0.5,0.1,0.985,0.0005,-1873203,"(   Woman  Man
0      7   33"
377,377,100,50,1,1,32,0.99,0.5,0.1,0.985,0.001,-1792889,"(   Woman  Man
0      8   31"
378,378,100,50,1,1,32,0.99,0.5,0.1,0.995,0.0005,-1702174,"(   Woman  Man
0      7   32"
379,379,100,50,1,1,32,0.99,0.5,0.1,0.995,0.001,-1686219,"(   Woman  Man
0      9   31"
380,380,100,50,1,1,32,0.99,0.5,0.001,0.985,0.0005,-1619043,"(   Woman  Man
0      4   35"
381,381,100,50,1,1,32,0.99,0.5,0.001,0.985,0.001,-1827180,"(   Woman  Man
0      6   35"
382,382,100,50,1,1,32,0.99,0.5,0.001,0.995,0.0005,-1877474,"(   Woman  Man
0      9   32"
383,383,100,50,1,1,32,0.99,0.5,0.001,0.995,0.001,-1936643,"(   Woman  Man
0      7   33"
384,384,100,50,1,1,64,0.9,1.0,0.1,0.985,0.0005,-1740225,"(   Woman  Man
0      8   32"
385,385,100,50,1,1,64,0.9,1.0,0.1,0.985,0.001,-1827825,"(   Woman  Man
0     10   31"
386,386,100,50,1,1,64,0.9,1.0,0.1,0.995,0.0005,-1801662,"(   Woman  Man
0      9   32"
387,387,100,50,1,1,64,0.9,1.0,0.1,0.995,0.001,-1719267,"(   Woman  Man
0      7   33"
388,388,100,50,1,1,64,0.9,1.0,0.001,0.985,0.0005,-1752756,"(   Woman  Man
0      7   33"
389,389,100,50,1,1,64,0.9,1.0,0.001,0.985,0.001,-1736330,"(   Woman  Man
0      7   33"
390,390,100,50,1,1,64,0.9,1.0,0.001,0.995,0.0005,-1700248,"(   Woman  Man
0      7   33"
391,391,100,50,1,1,64,0.9,1.0,0.001,0.995,0.001,-1809714,"(   Woman  Man
0      7   34"
392,392,100,50,1,1,64,0.9,0.5,0.1,0.985,0.0005,-1705184,"(   Woman  Man
0      8   32"
393,393,100,50,1,1,64,0.9,0.5,0.1,0.985,0.001,-1637014,"(   Woman  Man
0      8   31"
394,394,100,50,1,1,64,0.9,0.5,0.1,0.995,0.0005,-1716050,"(   Woman  Man
0      6   34"
395,395,100,50,1,1,64,0.9,0.5,0.1,0.995,0.001,-1573926,"(   Woman  Man
0      8   31"
396,396,100,50,1,1,64,0.9,0.5,0.001,0.985,0.0005,-1691036,"(   Woman  Man
0      7   33"
397,397,100,50,1,1,64,0.9,0.5,0.001,0.985,0.001,-1685133,"(   Woman  Man
0      7   33"
398,398,100,50,1,1,64,0.9,0.5,0.001,0.995,0.0005,-1654458,"(   Woman  Man
0      8   32"
399,399,100,50,1,1,64,0.9,0.5,0.001,0.995,0.001,-1778267,"(   Woman  Man
0      9   31"
400,400,100,50,1,1,64,0.95,1.0,0.1,0.985,0.0005,-1656287,"(   Woman  Man
0      7   32"
401,401,100,50,1,1,64,0.95,1.0,0.1,0.985,0.001,-1821855,"(   Woman  Man
0      9   32"
402,402,100,50,1,1,64,0.95,1.0,0.1,0.995,0.0005,-1668672,"(   Woman  Man
0      7   32"
403,403,100,50,1,1,64,0.95,1.0,0.1,0.995,0.001,-1896751,"(   Woman  Man
0      8   33"
404,404,100,50,1,1,64,0.95,1.0,0.001,0.985,0.0005,-1663806,"(   Woman  Man
0      8   31"
405,405,100,50,1,1,64,0.95,1.0,0.001,0.985,0.001,-1807892,"(   Woman  Man
0      7   34"
406,406,100,50,1,1,64,0.95,1.0,0.001,0.995,0.0005,-1713388,"(   Woman  Man
0      9   31"
407,407,100,50,1,1,64,0.95,1.0,0.001,0.995,0.001,-1806042,"(   Woman  Man
0      8   32"
408,408,100,50,1,1,64,0.95,0.5,0.1,0.985,0.0005,-1700179,"(   Woman  Man
0      7   33"
409,409,100,50,1,1,64,0.95,0.5,0.1,0.985,0.001,-1767548,"(   Woman  Man
0      7   33"
410,410,100,50,1,1,64,0.95,0.5,0.1,0.995,0.0005,-1799810,"(   Woman  Man
0      8   33"
411,411,100,50,1,1,64,0.95,0.5,0.1,0.995,0.001,-1754754,"(   Woman  Man
0      7   33"
412,412,100,50,1,1,64,0.95,0.5,0.001,0.985,0.0005,-1657778,"(   Woman  Man
0      7   32"
413,413,100,50,1,1,64,0.95,0.5,0.001,0.985,0.001,-1680790,"(   Woman  Man
0      7   33"
414,414,100,50,1,1,64,0.95,0.5,0.001,0.995,0.0005,-1734041,"(   Woman  Man
0      6   34"
415,415,100,50,1,1,64,0.95,0.5,0.001,0.995,0.001,-1726480,"(   Woman  Man
0      9   31"
416,416,100,50,1,1,64,0.99,1.0,0.1,0.985,0.0005,-1693630,"(   Woman  Man
0      6   33"
417,417,100,50,1,1,64,0.99,1.0,0.1,0.985,0.001,-1811301,"(   Woman  Man
0      8   33"
418,418,100,50,1,1,64,0.99,1.0,0.1,0.995,0.0005,-1549856,"(   Woman  Man
0      7   31"
419,419,100,50,1,1,64,0.99,1.0,0.1,0.995,0.001,-1721804,"(   Woman  Man
0      7   32"
420,420,100,50,1,1,64,0.99,1.0,0.001,0.985,0.0005,-1602308,"(   Woman  Man
0      7   32"
421,421,100,50,1,1,64,0.99,1.0,0.001,0.985,0.001,-1739957,"(   Woman  Man
0      7   33"
422,422,100,50,1,1,64,0.99,1.0,0.001,0.995,0.0005,-1598589,"(   Woman  Man
0      8   30"
423,423,100,50,1,1,64,0.99,1.0,0.001,0.995,0.001,-1751502,"(   Woman  Man
0      6   34"
424,424,100,50,1,1,64,0.99,0.5,0.1,0.985,0.0005,-1771998,"(   Woman  Man
0      5   34"
425,425,100,50,1,1,64,0.99,0.5,0.1,0.985,0.001,-1785320,"(   Woman  Man
0      8   32"
426,426,100,50,1,1,64,0.99,0.5,0.1,0.995,0.0005,-1770800,"(   Woman  Man
0      7   33"
427,427,100,50,1,1,64,0.99,0.5,0.1,0.995,0.001,-1646270,"(   Woman  Man
0      8   31"
428,428,100,50,1,1,64,0.99,0.5,0.001,0.985,0.0005,-1633448,"(   Woman  Man
0      8   31"
429,429,100,50,1,1,64,0.99,0.5,0.001,0.985,0.001,-1723997,"(   Woman  Man
0      7   33"
430,430,100,50,1,1,64,0.99,0.5,0.001,0.995,0.0005,-1734421,"(   Woman  Man
0      7   34"
431,431,100,50,1,1,64,0.99,0.5,0.001,0.995,0.001,-1603824,"(   Woman  Man
0      7   32"
