,candidates,jobs,data_seed,dqn_seed,batch_size,gamma,epsilon,epsilon_min,epsilon_decay,learning_rate,total_reward,data
0,100,10,1,1,16,0.9,1,0.1,0.985,0.0005,-291420.7,initial_data
1,100,10,1,1,16,0.9,1,0.1,0.985,0.001,-293476.6,initial_data
2,100,10,1,1,16,0.9,1,0.1,0.995,0.0005,-300666.9,initial_data
3,100,10,1,1,16,0.9,1,0.1,0.995,0.001,-290977.2,initial_data
4,100,10,1,1,16,0.9,1,0.001,0.985,0.0005,-289282.6,initial_data
5,100,10,1,1,16,0.9,1,0.001,0.985,0.001,-307431.0,initial_data
6,100,10,1,1,16,0.9,1,0.001,0.995,0.0005,-306961.2,initial_data
7,100,10,1,1,16,0.9,1,0.001,0.995,0.001,-289653.8,initial_data
8,100,10,1,1,16,0.9,0.5,0.1,0.985,0.0005,-379827.5,initial_data
9,100,10,1,1,16,0.9,0.5,0.1,0.985,0.001,-291056.6,initial_data
10,100,10,1,1,16,0.9,0.5,0.1,0.995,0.0005,-298388.4,initial_data
11,100,10,1,1,16,0.9,0.5,0.1,0.995,0.001,-292673.2,initial_data
12,100,10,1,1,16,0.9,0.5,0.001,0.985,0.0005,-289451.4,initial_data
13,100,10,1,1,16,0.9,0.5,0.001,0.985,0.001,-288158.0,initial_data
14,100,10,1,1,16,0.9,0.5,0.001,0.995,0.0005,-323396.9,initial_data
15,100,10,1,1,16,0.9,0.5,0.001,0.995,0.001,-323977.0,initial_data
16,100,10,1,1,16,0.95,1,0.1,0.985,0.0005,-318701.9,initial_data
17,100,10,1,1,16,0.95,1,0.1,0.985,0.001,-304403.0,initial_data
18,100,10,1,1,16,0.95,1,0.1,0.995,0.0005,-265321.4,initial_data
19,100,10,1,1,16,0.95,1,0.1,0.995,0.001,-290029.8,initial_data
20,100,10,1,1,16,0.95,1,0.001,0.985,0.0005,-279902.4,initial_data
21,100,10,1,1,16,0.95,1,0.001,0.985,0.001,-330593.8,initial_data
22,100,10,1,1,16,0.95,1,0.001,0.995,0.0005,-284054.69999999995,initial_data
23,100,10,1,1,16,0.95,1,0.001,0.995,0.001,-323764.80000000005,initial_data
24,100,10,1,1,16,0.95,0.5,0.1,0.985,0.0005,-358394.1,initial_data
25,100,10,1,1,16,0.95,0.5,0.1,0.985,0.001,-273627.4,initial_data
26,100,10,1,1,16,0.95,0.5,0.1,0.995,0.0005,-270085.9,initial_data
27,100,10,1,1,16,0.95,0.5,0.1,0.995,0.001,-274207.7,initial_data
28,100,10,1,1,16,0.95,0.5,0.001,0.985,0.0005,-316330.7,initial_data
29,100,10,1,1,16,0.95,0.5,0.001,0.985,0.001,-298055.2,initial_data
30,100,10,1,1,16,0.95,0.5,0.001,0.995,0.0005,-321834.19999999995,initial_data
31,100,10,1,1,16,0.95,0.5,0.001,0.995,0.001,-287385.6,initial_data
32,100,10,1,1,16,0.99,1,0.1,0.985,0.0005,-260827.30000000002,initial_data
33,100,10,1,1,16,0.99,1,0.1,0.985,0.001,-365992.0,initial_data
34,100,10,1,1,16,0.99,1,0.1,0.995,0.0005,-320692.9,initial_data
35,100,10,1,1,16,0.99,1,0.1,0.995,0.001,-293840.9,initial_data
36,100,10,1,1,16,0.99,1,0.001,0.985,0.0005,-356510.5,initial_data
37,100,10,1,1,16,0.99,1,0.001,0.985,0.001,-354524.3,initial_data
38,100,10,1,1,16,0.99,1,0.001,0.995,0.0005,-295909.2,initial_data
39,100,10,1,1,16,0.99,1,0.001,0.995,0.001,-315751.7,initial_data
40,100,10,1,1,16,0.99,0.5,0.1,0.985,0.0005,-323184.1,initial_data
41,100,10,1,1,16,0.99,0.5,0.1,0.985,0.001,-273320.4,initial_data
42,100,10,1,1,16,0.99,0.5,0.1,0.995,0.0005,-230042.7,initial_data
43,100,10,1,1,16,0.99,0.5,0.1,0.995,0.001,-285865.1,initial_data
44,100,10,1,1,16,0.99,0.5,0.001,0.985,0.0005,-337326.80000000005,initial_data
45,100,10,1,1,16,0.99,0.5,0.001,0.985,0.001,-294436.39999999997,initial_data
46,100,10,1,1,16,0.99,0.5,0.001,0.995,0.0005,-425749.7,initial_data
47,100,10,1,1,16,0.99,0.5,0.001,0.995,0.001,-314132.0,initial_data
48,100,10,1,1,32,0.9,1,0.1,0.985,0.0005,-290115.6,initial_data
49,100,10,1,1,32,0.9,1,0.1,0.985,0.001,-287366.5,initial_data
50,100,10,1,1,32,0.9,1,0.1,0.995,0.0005,-322997.0,initial_data
51,100,10,1,1,32,0.9,1,0.1,0.995,0.001,-297589.0,initial_data
52,100,10,1,1,32,0.9,1,0.001,0.985,0.0005,-289523.3,initial_data
53,100,10,1,1,32,0.9,1,0.001,0.985,0.001,-333225.60000000003,initial_data
54,100,10,1,1,32,0.9,1,0.001,0.995,0.0005,-345545.3,initial_data
55,100,10,1,1,32,0.9,1,0.001,0.995,0.001,-297352.4,initial_data
56,100,10,1,1,32,0.9,0.5,0.1,0.985,0.0005,-279687.2,initial_data
57,100,10,1,1,32,0.9,0.5,0.1,0.985,0.001,-295224.8,initial_data
58,100,10,1,1,32,0.9,0.5,0.1,0.995,0.0005,-268094.4,initial_data
59,100,10,1,1,32,0.9,0.5,0.1,0.995,0.001,-303229.8,initial_data
60,100,10,1,1,32,0.9,0.5,0.001,0.985,0.0005,-280656.89999999997,initial_data
61,100,10,1,1,32,0.9,0.5,0.001,0.985,0.001,-304860.0,initial_data
62,100,10,1,1,32,0.9,0.5,0.001,0.995,0.0005,-265841.9,initial_data
63,100,10,1,1,32,0.9,0.5,0.001,0.995,0.001,-292673.2,initial_data
64,100,10,1,1,32,0.95,1,0.1,0.985,0.0005,-293754.4,initial_data
65,100,10,1,1,32,0.95,1,0.1,0.985,0.001,-299235.4,initial_data
66,100,10,1,1,32,0.95,1,0.1,0.995,0.0005,-273633.5,initial_data
67,100,10,1,1,32,0.95,1,0.1,0.995,0.001,-290927.4,initial_data
68,100,10,1,1,32,0.95,1,0.001,0.985,0.0005,-265564.2,initial_data
69,100,10,1,1,32,0.95,1,0.001,0.985,0.001,-300485.1,initial_data
70,100,10,1,1,32,0.95,1,0.001,0.995,0.0005,-301179.2,initial_data
71,100,10,1,1,32,0.95,1,0.001,0.995,0.001,-282313.1,initial_data
72,100,10,1,1,32,0.95,0.5,0.1,0.985,0.0005,-287265.8,initial_data
73,100,10,1,1,32,0.95,0.5,0.1,0.985,0.001,-296149.6,initial_data
74,100,10,1,1,32,0.95,0.5,0.1,0.995,0.0005,-298156.60000000003,initial_data
75,100,10,1,1,32,0.95,0.5,0.1,0.995,0.001,-278368.5,initial_data
76,100,10,1,1,32,0.95,0.5,0.001,0.985,0.0005,-267512.6,initial_data
77,100,10,1,1,32,0.95,0.5,0.001,0.985,0.001,-290843.89999999997,initial_data
78,100,10,1,1,32,0.95,0.5,0.001,0.995,0.0005,-254739.69999999998,initial_data
79,100,10,1,1,32,0.95,0.5,0.001,0.995,0.001,-294928.8,initial_data
80,100,10,1,1,32,0.99,1,0.1,0.985,0.0005,-274215.8,initial_data
81,100,10,1,1,32,0.99,1,0.1,0.985,0.001,-289264.0,initial_data
82,100,10,1,1,32,0.99,1,0.1,0.995,0.0005,-268505.0,initial_data
83,100,10,1,1,32,0.99,1,0.1,0.995,0.001,-281041.9,initial_data
84,100,10,1,1,32,0.99,1,0.001,0.985,0.0005,-280780.1,initial_data
85,100,10,1,1,32,0.99,1,0.001,0.985,0.001,-302553.2,initial_data
86,100,10,1,1,32,0.99,1,0.001,0.995,0.0005,-274677.8,initial_data
87,100,10,1,1,32,0.99,1,0.001,0.995,0.001,-275419.3,initial_data
88,100,10,1,1,32,0.99,0.5,0.1,0.985,0.0005,-271684.2,initial_data
89,100,10,1,1,32,0.99,0.5,0.1,0.985,0.001,-293870.8,initial_data
90,100,10,1,1,32,0.99,0.5,0.1,0.995,0.0005,-350042.2,initial_data
91,100,10,1,1,32,0.99,0.5,0.1,0.995,0.001,-264875.6,initial_data
92,100,10,1,1,32,0.99,0.5,0.001,0.985,0.0005,-251385.2,initial_data
93,100,10,1,1,32,0.99,0.5,0.001,0.985,0.001,-284906.2,initial_data
94,100,10,1,1,32,0.99,0.5,0.001,0.995,0.0005,-256040.0,initial_data
95,100,10,1,1,32,0.99,0.5,0.001,0.995,0.001,-271290.0,initial_data
96,100,10,1,1,64,0.9,1,0.1,0.985,0.0005,-301402.2,initial_data
97,100,10,1,1,64,0.9,1,0.1,0.985,0.001,-298029.0,initial_data
98,100,10,1,1,64,0.9,1,0.1,0.995,0.0005,-283997.8,initial_data
99,100,10,1,1,64,0.9,1,0.1,0.995,0.001,-326616.80000000005,initial_data
100,100,10,1,1,64,0.9,1,0.001,0.985,0.0005,-288889.0,initial_data
101,100,10,1,1,64,0.9,1,0.001,0.985,0.001,-296115.4,initial_data
102,100,10,1,1,64,0.9,1,0.001,0.995,0.0005,-303787.1,initial_data
103,100,10,1,1,64,0.9,1,0.001,0.995,0.001,-326351.60000000003,initial_data
104,100,10,1,1,64,0.9,0.5,0.1,0.985,0.0005,-308109.2,initial_data
105,100,10,1,1,64,0.9,0.5,0.1,0.985,0.001,-337510.4,initial_data
106,100,10,1,1,64,0.9,0.5,0.1,0.995,0.0005,-278612.6,initial_data
107,100,10,1,1,64,0.9,0.5,0.1,0.995,0.001,-326351.60000000003,initial_data
108,100,10,1,1,64,0.9,0.5,0.001,0.985,0.0005,-280090.8,initial_data
109,100,10,1,1,64,0.9,0.5,0.001,0.985,0.001,-291116.69999999995,initial_data
110,100,10,1,1,64,0.9,0.5,0.001,0.995,0.0005,-286754.4,initial_data
111,100,10,1,1,64,0.9,0.5,0.001,0.995,0.001,-296545.4,initial_data
112,100,10,1,1,64,0.95,1,0.1,0.985,0.0005,-281427.8,initial_data
113,100,10,1,1,64,0.95,1,0.1,0.985,0.001,-297229.0,initial_data
114,100,10,1,1,64,0.95,1,0.1,0.995,0.0005,-276073.6,initial_data
115,100,10,1,1,64,0.95,1,0.1,0.995,0.001,-295068.4,initial_data
116,100,10,1,1,64,0.95,1,0.001,0.985,0.0005,-247395.10000000003,initial_data
117,100,10,1,1,64,0.95,1,0.001,0.985,0.001,-306185.0,initial_data
118,100,10,1,1,64,0.95,1,0.001,0.995,0.0005,-271297.9,initial_data
119,100,10,1,1,64,0.95,1,0.001,0.995,0.001,-295622.4,initial_data
120,100,10,1,1,64,0.95,0.5,0.1,0.985,0.0005,-351595.2,initial_data
121,100,10,1,1,64,0.95,0.5,0.1,0.985,0.001,-318628.0,initial_data
122,100,10,1,1,64,0.95,0.5,0.1,0.995,0.0005,-287088.6,initial_data
123,100,10,1,1,64,0.95,0.5,0.1,0.995,0.001,-299597.8,initial_data
124,100,10,1,1,64,0.95,0.5,0.001,0.985,0.0005,-271377.0,initial_data
125,100,10,1,1,64,0.95,0.5,0.001,0.985,0.001,-291691.3,initial_data
126,100,10,1,1,64,0.95,0.5,0.001,0.995,0.0005,-269937.0,initial_data
127,100,10,1,1,64,0.95,0.5,0.001,0.995,0.001,-294424.8,initial_data
128,100,10,1,1,64,0.99,1,0.1,0.985,0.0005,-284603.7,initial_data
129,100,10,1,1,64,0.99,1,0.1,0.985,0.001,-250603.50000000003,initial_data
130,100,10,1,1,64,0.99,1,0.1,0.995,0.0005,-299225.5,initial_data
131,100,10,1,1,64,0.99,1,0.1,0.995,0.001,-296309.0,initial_data
132,100,10,1,1,64,0.99,1,0.001,0.985,0.0005,-270821.9,initial_data
133,100,10,1,1,64,0.99,1,0.001,0.985,0.001,-325435.4,initial_data
134,100,10,1,1,64,0.99,1,0.001,0.995,0.0005,-269885.30000000005,initial_data
135,100,10,1,1,64,0.99,1,0.001,0.995,0.001,-278928.5,initial_data
136,100,10,1,1,64,0.99,0.5,0.1,0.985,0.0005,-327644.8,initial_data
137,100,10,1,1,64,0.99,0.5,0.1,0.985,0.001,-316515.0,initial_data
138,100,10,1,1,64,0.99,0.5,0.1,0.995,0.0005,-287764.6,initial_data
139,100,10,1,1,64,0.99,0.5,0.1,0.995,0.001,-275753.5,initial_data
140,100,10,1,1,64,0.99,0.5,0.001,0.985,0.0005,-284489.6,initial_data
141,100,10,1,1,64,0.99,0.5,0.001,0.985,0.001,-285995.5,initial_data
142,100,10,1,1,64,0.99,0.5,0.001,0.995,0.0005,-308468.30000000005,initial_data
143,100,10,1,1,64,0.99,0.5,0.001,0.995,0.001,-280162.4,initial_data
144,100,20,1,1,16,0.9,1,0.1,0.985,0.0005,-1197995.7,initial_data
145,100,20,1,1,16,0.9,1,0.1,0.985,0.001,-1237071.0,initial_data
146,100,20,1,1,16,0.9,1,0.1,0.995,0.0005,-1213242.6,initial_data
147,100,20,1,1,16,0.9,1,0.1,0.995,0.001,-1653606.8,initial_data
148,100,20,1,1,16,0.9,1,0.001,0.985,0.0005,-1247739.0,initial_data
149,100,20,1,1,16,0.9,1,0.001,0.985,0.001,-1251649.5999999999,initial_data
150,100,20,1,1,16,0.9,1,0.001,0.995,0.0005,-1303823.2999999998,initial_data
151,100,20,1,1,16,0.9,1,0.001,0.995,0.001,-1578920.5999999999,initial_data
152,100,20,1,1,16,0.9,0.5,0.1,0.985,0.0005,-1289562.4,initial_data
153,100,20,1,1,16,0.9,0.5,0.1,0.985,0.001,-1556067.8,initial_data
154,100,20,1,1,16,0.9,0.5,0.1,0.995,0.0005,-1255225.8,initial_data
155,100,20,1,1,16,0.9,0.5,0.1,0.995,0.001,-1621133.0,initial_data
156,100,20,1,1,16,0.9,0.5,0.001,0.985,0.0005,-1311825.6,initial_data
157,100,20,1,1,16,0.9,0.5,0.001,0.985,0.001,-1370368.2,initial_data
158,100,20,1,1,16,0.9,0.5,0.001,0.995,0.0005,-1250769.0,initial_data
159,100,20,1,1,16,0.9,0.5,0.001,0.995,0.001,-1681508.4,initial_data
160,100,20,1,1,16,0.95,1,0.1,0.985,0.0005,-1211201.7000000002,initial_data
161,100,20,1,1,16,0.95,1,0.1,0.985,0.001,-1067938.6,initial_data
162,100,20,1,1,16,0.95,1,0.1,0.995,0.0005,-1195334.1,initial_data
163,100,20,1,1,16,0.95,1,0.1,0.995,0.001,-1836597.8,initial_data
164,100,20,1,1,16,0.95,1,0.001,0.985,0.0005,-1247283.7000000002,initial_data
165,100,20,1,1,16,0.95,1,0.001,0.985,0.001,-1262597.8,initial_data
166,100,20,1,1,16,0.95,1,0.001,0.995,0.0005,-1533261.2,initial_data
167,100,20,1,1,16,0.95,1,0.001,0.995,0.001,-1769391.1,initial_data
168,100,20,1,1,16,0.95,0.5,0.1,0.985,0.0005,-1233153.1,initial_data
169,100,20,1,1,16,0.95,0.5,0.1,0.985,0.001,-1684638.9,initial_data
170,100,20,1,1,16,0.95,0.5,0.1,0.995,0.0005,-1168827.0999999999,initial_data
171,100,20,1,1,16,0.95,0.5,0.1,0.995,0.001,-1735957.5,initial_data
172,100,20,1,1,16,0.95,0.5,0.001,0.985,0.0005,-1322394.4,initial_data
173,100,20,1,1,16,0.95,0.5,0.001,0.985,0.001,-1594681.2,initial_data
174,100,20,1,1,16,0.95,0.5,0.001,0.995,0.0005,-1456286.1,initial_data
175,100,20,1,1,16,0.95,0.5,0.001,0.995,0.001,-1645484.5999999999,initial_data
176,100,20,1,1,16,0.99,1,0.1,0.985,0.0005,-1168186.0,initial_data
177,100,20,1,1,16,0.99,1,0.1,0.985,0.001,-1250524.6,initial_data
178,100,20,1,1,16,0.99,1,0.1,0.995,0.0005,-1168148.7,initial_data
179,100,20,1,1,16,0.99,1,0.1,0.995,0.001,-1766752.5000000002,initial_data
180,100,20,1,1,16,0.99,1,0.001,0.985,0.0005,-1275669.4,initial_data
181,100,20,1,1,16,0.99,1,0.001,0.985,0.001,-1212455.3,initial_data
182,100,20,1,1,16,0.99,1,0.001,0.995,0.0005,-1199661.4000000001,initial_data
183,100,20,1,1,16,0.99,1,0.001,0.995,0.001,-1916605.0999999999,initial_data
184,100,20,1,1,16,0.99,0.5,0.1,0.985,0.0005,-1271884.9999999998,initial_data
185,100,20,1,1,16,0.99,0.5,0.1,0.985,0.001,-1608901.6,initial_data
186,100,20,1,1,16,0.99,0.5,0.1,0.995,0.0005,-1298004.7999999998,initial_data
187,100,20,1,1,16,0.99,0.5,0.1,0.995,0.001,-1468779.2,initial_data
188,100,20,1,1,16,0.99,0.5,0.001,0.985,0.0005,-1143644.4,initial_data
189,100,20,1,1,16,0.99,0.5,0.001,0.985,0.001,-1486988.5,initial_data
190,100,20,1,1,16,0.99,0.5,0.001,0.995,0.0005,-1851986.3,initial_data
191,100,20,1,1,16,0.99,0.5,0.001,0.995,0.001,-1623257.7,initial_data
192,100,20,1,1,32,0.9,1,0.1,0.985,0.0005,-1225702.8,initial_data
193,100,20,1,1,32,0.9,1,0.1,0.985,0.001,-1242548.2,initial_data
194,100,20,1,1,32,0.9,1,0.1,0.995,0.0005,-1239189.2000000002,initial_data
195,100,20,1,1,32,0.9,1,0.1,0.995,0.001,-1639737.0,initial_data
196,100,20,1,1,32,0.9,1,0.001,0.985,0.0005,-1239895.3,initial_data
197,100,20,1,1,32,0.9,1,0.001,0.985,0.001,-1243403.5,initial_data
198,100,20,1,1,32,0.9,1,0.001,0.995,0.0005,-1257695.4,initial_data
199,100,20,1,1,32,0.9,1,0.001,0.995,0.001,-1651606.0,initial_data
200,100,20,1,1,32,0.9,0.5,0.1,0.985,0.0005,-1235082.2000000002,initial_data
201,100,20,1,1,32,0.9,0.5,0.1,0.985,0.001,-1554606.4,initial_data
202,100,20,1,1,32,0.9,0.5,0.1,0.995,0.0005,-1267467.9000000001,initial_data
203,100,20,1,1,32,0.9,0.5,0.1,0.995,0.001,-1247218.2,initial_data
204,100,20,1,1,32,0.9,0.5,0.001,0.985,0.0005,-1240202.4000000001,initial_data
205,100,20,1,1,32,0.9,0.5,0.001,0.985,0.001,-1229268.5,initial_data
206,100,20,1,1,32,0.9,0.5,0.001,0.995,0.0005,-1212564.3,initial_data
207,100,20,1,1,32,0.9,0.5,0.001,0.995,0.001,-1231178.3,initial_data
208,100,20,1,1,32,0.95,1,0.1,0.985,0.0005,-1218246.6,initial_data
209,100,20,1,1,32,0.95,1,0.1,0.985,0.001,-1275606.5,initial_data
210,100,20,1,1,32,0.95,1,0.1,0.995,0.0005,-949699.3,initial_data
211,100,20,1,1,32,0.95,1,0.1,0.995,0.001,-1577714.7,initial_data
212,100,20,1,1,32,0.95,1,0.001,0.985,0.0005,-1245421.0000000002,initial_data
213,100,20,1,1,32,0.95,1,0.001,0.985,0.001,-1228781.4,initial_data
214,100,20,1,1,32,0.95,1,0.001,0.995,0.0005,-1012682.0,initial_data
215,100,20,1,1,32,0.95,1,0.001,0.995,0.001,-1726935.5,initial_data
216,100,20,1,1,32,0.95,0.5,0.1,0.985,0.0005,-1299572.2999999998,initial_data
217,100,20,1,1,32,0.95,0.5,0.1,0.985,0.001,-1641443.2000000002,initial_data
218,100,20,1,1,32,0.95,0.5,0.1,0.995,0.0005,-1381892.9,initial_data
219,100,20,1,1,32,0.95,0.5,0.1,0.995,0.001,-1475230.9000000001,initial_data
220,100,20,1,1,32,0.95,0.5,0.001,0.985,0.0005,-1216601.2,initial_data
221,100,20,1,1,32,0.95,0.5,0.001,0.985,0.001,-1136098.7999999998,initial_data
222,100,20,1,1,32,0.95,0.5,0.001,0.995,0.0005,-1140752.5,initial_data
223,100,20,1,1,32,0.95,0.5,0.001,0.995,0.001,-1757579.4,initial_data
224,100,20,1,1,32,0.99,1,0.1,0.985,0.0005,-1185869.4,initial_data
225,100,20,1,1,32,0.99,1,0.1,0.985,0.001,-1155366.0999999999,initial_data
226,100,20,1,1,32,0.99,1,0.1,0.995,0.0005,-1183181.8,initial_data
227,100,20,1,1,32,0.99,1,0.1,0.995,0.001,-1870160.5,initial_data
228,100,20,1,1,32,0.99,1,0.001,0.985,0.0005,-1205286.5,initial_data
229,100,20,1,1,32,0.99,1,0.001,0.985,0.001,-1161499.4,initial_data
230,100,20,1,1,32,0.99,1,0.001,0.995,0.0005,-1264975.3,initial_data
231,100,20,1,1,32,0.99,1,0.001,0.995,0.001,-1569215.1,initial_data
232,100,20,1,1,32,0.99,0.5,0.1,0.985,0.0005,-1206426.2,initial_data
233,100,20,1,1,32,0.99,0.5,0.1,0.985,0.001,-1598545.5,initial_data
234,100,20,1,1,32,0.99,0.5,0.1,0.995,0.0005,-1210035.9,initial_data
235,100,20,1,1,32,0.99,0.5,0.1,0.995,0.001,-1438995.0,initial_data
236,100,20,1,1,32,0.99,0.5,0.001,0.985,0.0005,-1218750.5999999999,initial_data
237,100,20,1,1,32,0.99,0.5,0.001,0.985,0.001,-1239201.3,initial_data
238,100,20,1,1,32,0.99,0.5,0.001,0.995,0.0005,-1288708.4999999998,initial_data
239,100,20,1,1,32,0.99,0.5,0.001,0.995,0.001,-1344602.5,initial_data
240,100,20,1,1,64,0.9,1,0.1,0.985,0.0005,-1264288.4000000001,initial_data
241,100,20,1,1,64,0.9,1,0.1,0.985,0.001,-1242062.8,initial_data
242,100,20,1,1,64,0.9,1,0.1,0.995,0.0005,-1259207.7999999998,initial_data
243,100,20,1,1,64,0.9,1,0.1,0.995,0.001,-1275771.8,initial_data
244,100,20,1,1,64,0.9,1,0.001,0.985,0.0005,-1262329.1,initial_data
245,100,20,1,1,64,0.9,1,0.001,0.985,0.001,-1244125.0,initial_data
246,100,20,1,1,64,0.9,1,0.001,0.995,0.0005,-1263794.2,initial_data
247,100,20,1,1,64,0.9,1,0.001,0.995,0.001,-1239668.3,initial_data
248,100,20,1,1,64,0.9,0.5,0.1,0.985,0.0005,-1206935.9000000001,initial_data
249,100,20,1,1,64,0.9,0.5,0.1,0.985,0.001,-1234586.2,initial_data
250,100,20,1,1,64,0.9,0.5,0.1,0.995,0.0005,-1257088.7,initial_data
251,100,20,1,1,64,0.9,0.5,0.1,0.995,0.001,-1235774.6,initial_data
252,100,20,1,1,64,0.9,0.5,0.001,0.985,0.0005,-1263533.0,initial_data
253,100,20,1,1,64,0.9,0.5,0.001,0.985,0.001,-1237712.8,initial_data
254,100,20,1,1,64,0.9,0.5,0.001,0.995,0.0005,-1236794.7,initial_data
255,100,20,1,1,64,0.9,0.5,0.001,0.995,0.001,-1245635.1,initial_data
256,100,20,1,1,64,0.95,1,0.1,0.985,0.0005,-1218729.3,initial_data
257,100,20,1,1,64,0.95,1,0.1,0.985,0.001,-1192591.5999999999,initial_data
258,100,20,1,1,64,0.95,1,0.1,0.995,0.0005,-1133051.7,initial_data
259,100,20,1,1,64,0.95,1,0.1,0.995,0.001,-1467858.5,initial_data
260,100,20,1,1,64,0.95,1,0.001,0.985,0.0005,-1274827.9,initial_data
261,100,20,1,1,64,0.95,1,0.001,0.985,0.001,-1238692.2,initial_data
262,100,20,1,1,64,0.95,1,0.001,0.995,0.0005,-1282020.8,initial_data
263,100,20,1,1,64,0.95,1,0.001,0.995,0.001,-1395891.9,initial_data
264,100,20,1,1,64,0.95,0.5,0.1,0.985,0.0005,-1249471.7,initial_data
265,100,20,1,1,64,0.95,0.5,0.1,0.985,0.001,-1241751.1,initial_data
266,100,20,1,1,64,0.95,0.5,0.1,0.995,0.0005,-1265040.4,initial_data
267,100,20,1,1,64,0.95,0.5,0.1,0.995,0.001,-1245914.2,initial_data
268,100,20,1,1,64,0.95,0.5,0.001,0.985,0.0005,-1252757.5000000002,initial_data
269,100,20,1,1,64,0.95,0.5,0.001,0.985,0.001,-1300964.3,initial_data
270,100,20,1,1,64,0.95,0.5,0.001,0.995,0.0005,-1145011.0,initial_data
271,100,20,1,1,64,0.95,0.5,0.001,0.995,0.001,-1232215.1,initial_data
272,100,20,1,1,64,0.99,1,0.1,0.985,0.0005,-1223505.9000000001,initial_data
273,100,20,1,1,64,0.99,1,0.1,0.985,0.001,-1253714.6,initial_data
274,100,20,1,1,64,0.99,1,0.1,0.995,0.0005,-1208883.8,initial_data
275,100,20,1,1,64,0.99,1,0.1,0.995,0.001,-1405911.8,initial_data
276,100,20,1,1,64,0.99,1,0.001,0.985,0.0005,-1074681.3,initial_data
277,100,20,1,1,64,0.99,1,0.001,0.985,0.001,-1199736.5,initial_data
278,100,20,1,1,64,0.99,1,0.001,0.995,0.0005,-1565243.2000000002,initial_data
279,100,20,1,1,64,0.99,1,0.001,0.995,0.001,-1493794.3,initial_data
280,100,20,1,1,64,0.99,0.5,0.1,0.985,0.0005,-1095165.9,initial_data
281,100,20,1,1,64,0.99,0.5,0.1,0.985,0.001,-1245564.0,initial_data
282,100,20,1,1,64,0.99,0.5,0.1,0.995,0.0005,-1177907.8,initial_data
283,100,20,1,1,64,0.99,0.5,0.1,0.995,0.001,-1218730.8,initial_data
284,100,20,1,1,64,0.99,0.5,0.001,0.985,0.0005,-1250278.0,initial_data
285,100,20,1,1,64,0.99,0.5,0.001,0.985,0.001,-1494423.7999999998,initial_data
286,100,20,1,1,64,0.99,0.5,0.001,0.995,0.0005,-1163641.6,initial_data
287,100,20,1,1,64,0.99,0.5,0.001,0.995,0.001,-1281559.5,initial_data
288,100,50,1,1,16,0.9,1,0.1,0.985,0.0005,-6955410.7,initial_data
289,100,50,1,1,16,0.9,1,0.1,0.985,0.001,-8343093.9,initial_data
290,100,50,1,1,16,0.9,1,0.1,0.995,0.0005,-7658168.700000001,initial_data
291,100,50,1,1,16,0.9,1,0.1,0.995,0.001,-7223229.2,initial_data
292,100,50,1,1,16,0.9,1,0.001,0.985,0.0005,-7011564.2,initial_data
293,100,50,1,1,16,0.9,1,0.001,0.985,0.001,-7393121.1,initial_data
294,100,50,1,1,16,0.9,1,0.001,0.995,0.0005,-6186969.6,initial_data
295,100,50,1,1,16,0.9,1,0.001,0.995,0.001,-7885439.600000001,initial_data
296,100,50,1,1,16,0.9,0.5,0.1,0.985,0.0005,-8196137.799999999,initial_data
297,100,50,1,1,16,0.9,0.5,0.1,0.985,0.001,-8233710.3,initial_data
298,100,50,1,1,16,0.9,0.5,0.1,0.995,0.0005,-7960225.200000003,initial_data
299,100,50,1,1,16,0.9,0.5,0.1,0.995,0.001,-7641672.000000001,initial_data
300,100,50,1,1,16,0.9,0.5,0.001,0.985,0.0005,-7553968.6,initial_data
301,100,50,1,1,16,0.9,0.5,0.001,0.985,0.001,-8310249.300000002,initial_data
302,100,50,1,1,16,0.9,0.5,0.001,0.995,0.0005,-7432187.0,initial_data
303,100,50,1,1,16,0.9,0.5,0.001,0.995,0.001,-7907660.1,initial_data
304,100,50,1,1,16,0.95,1,0.1,0.985,0.0005,-7579132.100000001,initial_data
305,100,50,1,1,16,0.95,1,0.1,0.985,0.001,-7727977.999999999,initial_data
306,100,50,1,1,16,0.95,1,0.1,0.995,0.0005,-8041580.2,initial_data
307,100,50,1,1,16,0.95,1,0.1,0.995,0.001,-7758521.700000001,initial_data
308,100,50,1,1,16,0.95,1,0.001,0.985,0.0005,-7534857.000000001,initial_data
309,100,50,1,1,16,0.95,1,0.001,0.985,0.001,-9072429.200000001,initial_data
310,100,50,1,1,16,0.95,1,0.001,0.995,0.0005,-7176132.4,initial_data
311,100,50,1,1,16,0.95,1,0.001,0.995,0.001,-7757100.9,initial_data
312,100,50,1,1,16,0.95,0.5,0.1,0.985,0.0005,-8069219.3,initial_data
313,100,50,1,1,16,0.95,0.5,0.1,0.985,0.001,-7728420.3999999985,initial_data
314,100,50,1,1,16,0.95,0.5,0.1,0.995,0.0005,-7744319.900000001,initial_data
315,100,50,1,1,16,0.95,0.5,0.1,0.995,0.001,-8573022.6,initial_data
316,100,50,1,1,16,0.95,0.5,0.001,0.985,0.0005,-8461421.1,initial_data
317,100,50,1,1,16,0.95,0.5,0.001,0.985,0.001,-7469701.699999999,initial_data
318,100,50,1,1,16,0.95,0.5,0.001,0.995,0.0005,-7233056.9,initial_data
319,100,50,1,1,16,0.95,0.5,0.001,0.995,0.001,-8595396.7,initial_data
320,100,50,1,1,16,0.99,1,0.1,0.985,0.0005,-7634506.899999999,initial_data
321,100,50,1,1,16,0.99,1,0.1,0.985,0.001,-8325589.900000001,initial_data
322,100,50,1,1,16,0.99,1,0.1,0.995,0.0005,-6880647.800000001,initial_data
323,100,50,1,1,16,0.99,1,0.1,0.995,0.001,-7501734.1000000015,initial_data
324,100,50,1,1,16,0.99,1,0.001,0.985,0.0005,-7383219.4,initial_data
325,100,50,1,1,16,0.99,1,0.001,0.985,0.001,-8489359.700000001,initial_data
326,100,50,1,1,16,0.99,1,0.001,0.995,0.0005,-6684764.6,initial_data
327,100,50,1,1,16,0.99,1,0.001,0.995,0.001,-7454264.800000001,initial_data
328,100,50,1,1,16,0.99,0.5,0.1,0.985,0.0005,-7646189.199999999,initial_data
329,100,50,1,1,16,0.99,0.5,0.1,0.985,0.001,-7888062.899999999,initial_data
330,100,50,1,1,16,0.99,0.5,0.1,0.995,0.0005,-6642548.2,initial_data
331,100,50,1,1,16,0.99,0.5,0.1,0.995,0.001,-8173810.8,initial_data
332,100,50,1,1,16,0.99,0.5,0.001,0.985,0.0005,-8216505.100000001,initial_data
333,100,50,1,1,16,0.99,0.5,0.001,0.985,0.001,-7518861.300000001,initial_data
334,100,50,1,1,16,0.99,0.5,0.001,0.995,0.0005,-7979040.6,initial_data
335,100,50,1,1,16,0.99,0.5,0.001,0.995,0.001,-8017671.1000000015,initial_data
336,100,50,1,1,32,0.9,1,0.1,0.985,0.0005,-7887357.500000001,initial_data
337,100,50,1,1,32,0.9,1,0.1,0.985,0.001,-8599071.700000001,initial_data
338,100,50,1,1,32,0.9,1,0.1,0.995,0.0005,-7844820.699999999,initial_data
339,100,50,1,1,32,0.9,1,0.1,0.995,0.001,-8071757.7,initial_data
340,100,50,1,1,32,0.9,1,0.001,0.985,0.0005,-7311175.100000001,initial_data
341,100,50,1,1,32,0.9,1,0.001,0.985,0.001,-8518546.8,initial_data
342,100,50,1,1,32,0.9,1,0.001,0.995,0.0005,-8096799.800000001,initial_data
343,100,50,1,1,32,0.9,1,0.001,0.995,0.001,-7896089.600000001,initial_data
344,100,50,1,1,32,0.9,0.5,0.1,0.985,0.0005,-8069142.6000000015,initial_data
345,100,50,1,1,32,0.9,0.5,0.1,0.985,0.001,-6741883.3,initial_data
346,100,50,1,1,32,0.9,0.5,0.1,0.995,0.0005,-8462780.100000001,initial_data
347,100,50,1,1,32,0.9,0.5,0.1,0.995,0.001,-7938904.2,initial_data
348,100,50,1,1,32,0.9,0.5,0.001,0.985,0.0005,-8035299.5,initial_data
349,100,50,1,1,32,0.9,0.5,0.001,0.985,0.001,-6423270.3999999985,initial_data
350,100,50,1,1,32,0.9,0.5,0.001,0.995,0.0005,-7143888.7,initial_data
351,100,50,1,1,32,0.9,0.5,0.001,0.995,0.001,-7642131.5,initial_data
352,100,50,1,1,32,0.95,1,0.1,0.985,0.0005,-6852397.000000001,initial_data
353,100,50,1,1,32,0.95,1,0.1,0.985,0.001,-7951650.500000001,initial_data
354,100,50,1,1,32,0.95,1,0.1,0.995,0.0005,-8086090.1,initial_data
355,100,50,1,1,32,0.95,1,0.1,0.995,0.001,-7368944.3,initial_data
356,100,50,1,1,32,0.95,1,0.001,0.985,0.0005,-7337209.4,initial_data
357,100,50,1,1,32,0.95,1,0.001,0.985,0.001,-8559272.299999999,initial_data
358,100,50,1,1,32,0.95,1,0.001,0.995,0.0005,-7917880.000000001,initial_data
359,100,50,1,1,32,0.95,1,0.001,0.995,0.001,-8160313.200000001,initial_data
360,100,50,1,1,32,0.95,0.5,0.1,0.985,0.0005,-8416124.3,initial_data
361,100,50,1,1,32,0.95,0.5,0.1,0.985,0.001,-8284221.6,initial_data
362,100,50,1,1,32,0.95,0.5,0.1,0.995,0.0005,-7906315.199999999,initial_data
363,100,50,1,1,32,0.95,0.5,0.1,0.995,0.001,-8236489.199999999,initial_data
364,100,50,1,1,32,0.95,0.5,0.001,0.985,0.0005,-7382900.9,initial_data
365,100,50,1,1,32,0.95,0.5,0.001,0.985,0.001,-7652692.499999999,initial_data
366,100,50,1,1,32,0.95,0.5,0.001,0.995,0.0005,-6977229.1,initial_data
367,100,50,1,1,32,0.95,0.5,0.001,0.995,0.001,-7929867.699999999,initial_data
368,100,50,1,1,32,0.99,1,0.1,0.985,0.0005,-7870631.9,initial_data
369,100,50,1,1,32,0.99,1,0.1,0.985,0.001,-7786336.899999999,initial_data
370,100,50,1,1,32,0.99,1,0.1,0.995,0.0005,-7985876.1,initial_data
371,100,50,1,1,32,0.99,1,0.1,0.995,0.001,-7775942.399999999,initial_data
372,100,50,1,1,32,0.99,1,0.001,0.985,0.0005,-7307857.900000001,initial_data
373,100,50,1,1,32,0.99,1,0.001,0.985,0.001,-7690146.9,initial_data
374,100,50,1,1,32,0.99,1,0.001,0.995,0.0005,-7510053.9,initial_data
375,100,50,1,1,32,0.99,1,0.001,0.995,0.001,-8110546.3,initial_data
376,100,50,1,1,32,0.99,0.5,0.1,0.985,0.0005,-8221995.200000002,initial_data
377,100,50,1,1,32,0.99,0.5,0.1,0.985,0.001,-7634453.200000001,initial_data
378,100,50,1,1,32,0.99,0.5,0.1,0.995,0.0005,-7210680.8,initial_data
379,100,50,1,1,32,0.99,0.5,0.1,0.995,0.001,-7513490.2,initial_data
380,100,50,1,1,32,0.99,0.5,0.001,0.985,0.0005,-7033758.6,initial_data
381,100,50,1,1,32,0.99,0.5,0.001,0.985,0.001,-7377257.7,initial_data
382,100,50,1,1,32,0.99,0.5,0.001,0.995,0.0005,-7954261.4,initial_data
383,100,50,1,1,32,0.99,0.5,0.001,0.995,0.001,-6275820.5,initial_data
384,100,50,1,1,64,0.9,1,0.1,0.985,0.0005,-8103512.000000001,initial_data
385,100,50,1,1,64,0.9,1,0.1,0.985,0.001,-8595242.8,initial_data
386,100,50,1,1,64,0.9,1,0.1,0.995,0.0005,-7932822.6000000015,initial_data
387,100,50,1,1,64,0.9,1,0.1,0.995,0.001,-7435391.9,initial_data
388,100,50,1,1,64,0.9,1,0.001,0.985,0.0005,-8093327.000000001,initial_data
389,100,50,1,1,64,0.9,1,0.001,0.985,0.001,-7490177.1,initial_data
390,100,50,1,1,64,0.9,1,0.001,0.995,0.0005,-7705453.000000001,initial_data
391,100,50,1,1,64,0.9,1,0.001,0.995,0.001,-7522812.000000001,initial_data
392,100,50,1,1,64,0.9,0.5,0.1,0.985,0.0005,-7797204.999999999,initial_data
393,100,50,1,1,64,0.9,0.5,0.1,0.985,0.001,-7832966.800000001,initial_data
394,100,50,1,1,64,0.9,0.5,0.1,0.995,0.0005,-7760689.899999999,initial_data
395,100,50,1,1,64,0.9,0.5,0.1,0.995,0.001,-7686678.100000001,initial_data
396,100,50,1,1,64,0.9,0.5,0.001,0.985,0.0005,-7740327.700000001,initial_data
397,100,50,1,1,64,0.9,0.5,0.001,0.985,0.001,-6571707.300000001,initial_data
398,100,50,1,1,64,0.9,0.5,0.001,0.995,0.0005,-7208488.399999999,initial_data
399,100,50,1,1,64,0.9,0.5,0.001,0.995,0.001,-8377963.600000001,initial_data
400,100,50,1,1,64,0.95,1,0.1,0.985,0.0005,-8419709.5,initial_data
401,100,50,1,1,64,0.95,1,0.1,0.985,0.001,-7942476.199999999,initial_data
402,100,50,1,1,64,0.95,1,0.1,0.995,0.0005,-7206356.999999999,initial_data
403,100,50,1,1,64,0.95,1,0.1,0.995,0.001,-8065378.200000001,initial_data
404,100,50,1,1,64,0.95,1,0.001,0.985,0.0005,-7971716.999999999,initial_data
405,100,50,1,1,64,0.95,1,0.001,0.985,0.001,-7726593.999999998,initial_data
406,100,50,1,1,64,0.95,1,0.001,0.995,0.0005,-6704709.000000001,initial_data
407,100,50,1,1,64,0.95,1,0.001,0.995,0.001,-7834257.000000001,initial_data
408,100,50,1,1,64,0.95,0.5,0.1,0.985,0.0005,-7870958.400000001,initial_data
409,100,50,1,1,64,0.95,0.5,0.1,0.985,0.001,-7148996.999999999,initial_data
410,100,50,1,1,64,0.95,0.5,0.1,0.995,0.0005,-7794480.700000001,initial_data
411,100,50,1,1,64,0.95,0.5,0.1,0.995,0.001,-7751038.500000003,initial_data
412,100,50,1,1,64,0.95,0.5,0.001,0.985,0.0005,-7383536.7,initial_data
413,100,50,1,1,64,0.95,0.5,0.001,0.985,0.001,-7735410.699999999,initial_data
414,100,50,1,1,64,0.95,0.5,0.001,0.995,0.0005,-8107167.1,initial_data
415,100,50,1,1,64,0.95,0.5,0.001,0.995,0.001,-7223466.099999999,initial_data
416,100,50,1,1,64,0.99,1,0.1,0.985,0.0005,-8612220.200000001,initial_data
417,100,50,1,1,64,0.99,1,0.1,0.985,0.001,-7439662.1,initial_data
418,100,50,1,1,64,0.99,1,0.1,0.995,0.0005,-8002403.100000001,initial_data
419,100,50,1,1,64,0.99,1,0.1,0.995,0.001,-7869985.2,initial_data
420,100,50,1,1,64,0.99,1,0.001,0.985,0.0005,-7822995.700000002,initial_data
421,100,50,1,1,64,0.99,1,0.001,0.985,0.001,-7570337.300000001,initial_data
422,100,50,1,1,64,0.99,1,0.001,0.995,0.0005,-8992613.0,initial_data
423,100,50,1,1,64,0.99,1,0.001,0.995,0.001,-7448147.5,initial_data
424,100,50,1,1,64,0.99,0.5,0.1,0.985,0.0005,-7983232.6,initial_data
425,100,50,1,1,64,0.99,0.5,0.1,0.985,0.001,-6893591.0,initial_data
426,100,50,1,1,64,0.99,0.5,0.1,0.995,0.0005,-7624630.5,initial_data
427,100,50,1,1,64,0.99,0.5,0.1,0.995,0.001,-7901275.7,initial_data
428,100,50,1,1,64,0.99,0.5,0.001,0.985,0.0005,-7628106.300000001,initial_data
429,100,50,1,1,64,0.99,0.5,0.001,0.985,0.001,-7196166.200000002,initial_data
430,100,50,1,1,64,0.99,0.5,0.001,0.995,0.0005,-7766715.699999999,initial_data
431,100,50,1,1,64,0.99,0.5,0.001,0.995,0.001,-7541035.000000001,initial_data
432,100,10,1,1,16,0.9,1,0.1,0.985,0.0005,-164729.0,parity_data
433,100,10,1,1,16,0.9,1,0.1,0.985,0.001,-146150.9,parity_data
434,100,10,1,1,16,0.9,1,0.1,0.995,0.0005,-145806.9,parity_data
435,100,10,1,1,16,0.9,1,0.1,0.995,0.001,-146570.9,parity_data
436,100,10,1,1,16,0.9,1,0.001,0.985,0.0005,-160854.0,parity_data
437,100,10,1,1,16,0.9,1,0.001,0.985,0.001,-146150.9,parity_data
438,100,10,1,1,16,0.9,1,0.001,0.995,0.0005,-166310.90000000002,parity_data
439,100,10,1,1,16,0.9,1,0.001,0.995,0.001,-147173.0,parity_data
440,100,10,1,1,16,0.9,0.5,0.1,0.985,0.0005,-146001.0,parity_data
441,100,10,1,1,16,0.9,0.5,0.1,0.985,0.001,-145462.9,parity_data
442,100,10,1,1,16,0.9,0.5,0.1,0.995,0.0005,-146914.4,parity_data
443,100,10,1,1,16,0.9,0.5,0.1,0.995,0.001,-145570.9,parity_data
444,100,10,1,1,16,0.9,0.5,0.001,0.985,0.0005,-151012.9,parity_data
445,100,10,1,1,16,0.9,0.5,0.001,0.985,0.001,-146150.9,parity_data
446,100,10,1,1,16,0.9,0.5,0.001,0.995,0.0005,-241650.5,parity_data
447,100,10,1,1,16,0.9,0.5,0.001,0.995,0.001,-146173.0,parity_data
448,100,10,1,1,16,0.95,1,0.1,0.985,0.0005,-185096.8,parity_data
449,100,10,1,1,16,0.95,1,0.1,0.985,0.001,-144437.8,parity_data
450,100,10,1,1,16,0.95,1,0.1,0.995,0.0005,-155064.9,parity_data
451,100,10,1,1,16,0.95,1,0.1,0.995,0.001,-146806.9,parity_data
452,100,10,1,1,16,0.95,1,0.001,0.985,0.0005,-162051.80000000002,parity_data
453,100,10,1,1,16,0.95,1,0.001,0.985,0.001,-146730.9,parity_data
454,100,10,1,1,16,0.95,1,0.001,0.995,0.0005,-189618.7,parity_data
455,100,10,1,1,16,0.95,1,0.001,0.995,0.001,-151723.0,parity_data
456,100,10,1,1,16,0.95,0.5,0.1,0.985,0.0005,-145756.2,parity_data
457,100,10,1,1,16,0.95,0.5,0.1,0.985,0.001,-145456.9,parity_data
458,100,10,1,1,16,0.95,0.5,0.1,0.995,0.0005,-168859.1,parity_data
459,100,10,1,1,16,0.95,0.5,0.1,0.995,0.001,-145689.7,parity_data
460,100,10,1,1,16,0.95,0.5,0.001,0.985,0.0005,-146570.9,parity_data
461,100,10,1,1,16,0.95,0.5,0.001,0.985,0.001,-146753.0,parity_data
462,100,10,1,1,16,0.95,0.5,0.001,0.995,0.0005,-171534.8,parity_data
463,100,10,1,1,16,0.95,0.5,0.001,0.995,0.001,-146173.0,parity_data
464,100,10,1,1,16,0.99,1,0.1,0.985,0.0005,-198854.6,parity_data
465,100,10,1,1,16,0.99,1,0.1,0.985,0.001,-128041.8,parity_data
466,100,10,1,1,16,0.99,1,0.1,0.995,0.0005,-183452.2,parity_data
467,100,10,1,1,16,0.99,1,0.1,0.995,0.001,-153855.7,parity_data
468,100,10,1,1,16,0.99,1,0.001,0.985,0.0005,-168257.0,parity_data
469,100,10,1,1,16,0.99,1,0.001,0.985,0.001,-147173.0,parity_data
470,100,10,1,1,16,0.99,1,0.001,0.995,0.0005,-145823.0,parity_data
471,100,10,1,1,16,0.99,1,0.001,0.995,0.001,-147150.9,parity_data
472,100,10,1,1,16,0.99,0.5,0.1,0.985,0.0005,-168268.4,parity_data
473,100,10,1,1,16,0.99,0.5,0.1,0.985,0.001,-152397.4,parity_data
474,100,10,1,1,16,0.99,0.5,0.1,0.995,0.0005,-167085.0,parity_data
475,100,10,1,1,16,0.99,0.5,0.1,0.995,0.001,-160436.9,parity_data
476,100,10,1,1,16,0.99,0.5,0.001,0.985,0.0005,-160713.2,parity_data
477,100,10,1,1,16,0.99,0.5,0.001,0.985,0.001,-166515.40000000002,parity_data
478,100,10,1,1,16,0.99,0.5,0.001,0.995,0.0005,-184696.1,parity_data
479,100,10,1,1,16,0.99,0.5,0.001,0.995,0.001,-146150.9,parity_data
480,100,10,1,1,32,0.9,1,0.1,0.985,0.0005,-184003.40000000002,parity_data
481,100,10,1,1,32,0.9,1,0.1,0.985,0.001,-146173.0,parity_data
482,100,10,1,1,32,0.9,1,0.1,0.995,0.0005,-150012.9,parity_data
483,100,10,1,1,32,0.9,1,0.1,0.995,0.001,-158095.8,parity_data
484,100,10,1,1,32,0.9,1,0.001,0.985,0.0005,-165827.40000000002,parity_data
485,100,10,1,1,32,0.9,1,0.001,0.985,0.001,-145440.8,parity_data
486,100,10,1,1,32,0.9,1,0.001,0.995,0.0005,-178074.2,parity_data
487,100,10,1,1,32,0.9,1,0.001,0.995,0.001,-162799.7,parity_data
488,100,10,1,1,32,0.9,0.5,0.1,0.985,0.0005,-146249.0,parity_data
489,100,10,1,1,32,0.9,0.5,0.1,0.985,0.001,-146173.0,parity_data
490,100,10,1,1,32,0.9,0.5,0.1,0.995,0.0005,-146013.0,parity_data
491,100,10,1,1,32,0.9,0.5,0.1,0.995,0.001,-145773.5,parity_data
492,100,10,1,1,32,0.9,0.5,0.001,0.985,0.0005,-168257.0,parity_data
493,100,10,1,1,32,0.9,0.5,0.001,0.985,0.001,-167159.1,parity_data
494,100,10,1,1,32,0.9,0.5,0.001,0.995,0.0005,-184262.0,parity_data
495,100,10,1,1,32,0.9,0.5,0.001,0.995,0.001,-146753.0,parity_data
496,100,10,1,1,32,0.95,1,0.1,0.985,0.0005,-145689.7,parity_data
497,100,10,1,1,32,0.95,1,0.1,0.985,0.001,-145689.7,parity_data
498,100,10,1,1,32,0.95,1,0.1,0.995,0.0005,-179044.8,parity_data
499,100,10,1,1,32,0.95,1,0.1,0.995,0.001,-162507.7,parity_data
500,100,10,1,1,32,0.95,1,0.001,0.985,0.0005,-166713.2,parity_data
501,100,10,1,1,32,0.95,1,0.001,0.985,0.001,-145806.9,parity_data
502,100,10,1,1,32,0.95,1,0.001,0.995,0.0005,-167671.0,parity_data
503,100,10,1,1,32,0.95,1,0.001,0.995,0.001,-162869.7,parity_data
504,100,10,1,1,32,0.95,0.5,0.1,0.985,0.0005,-145916.3,parity_data
505,100,10,1,1,32,0.95,0.5,0.1,0.985,0.001,-156788.9,parity_data
506,100,10,1,1,32,0.95,0.5,0.1,0.995,0.0005,-148299.1,parity_data
507,100,10,1,1,32,0.95,0.5,0.1,0.995,0.001,-146280.5,parity_data
508,100,10,1,1,32,0.95,0.5,0.001,0.985,0.0005,-144618.8,parity_data
509,100,10,1,1,32,0.95,0.5,0.001,0.985,0.001,-145823.0,parity_data
510,100,10,1,1,32,0.95,0.5,0.001,0.995,0.0005,-167037.1,parity_data
511,100,10,1,1,32,0.95,0.5,0.001,0.995,0.001,-147310.9,parity_data
512,100,10,1,1,32,0.99,1,0.1,0.985,0.0005,-167503.7,parity_data
513,100,10,1,1,32,0.99,1,0.1,0.985,0.001,-144872.1,parity_data
514,100,10,1,1,32,0.99,1,0.1,0.995,0.0005,-127402.3,parity_data
515,100,10,1,1,32,0.99,1,0.1,0.995,0.001,-154820.9,parity_data
516,100,10,1,1,32,0.99,1,0.001,0.985,0.0005,-167079.30000000002,parity_data
517,100,10,1,1,32,0.99,1,0.001,0.985,0.001,-146173.0,parity_data
518,100,10,1,1,32,0.99,1,0.001,0.995,0.0005,-153337.7,parity_data
519,100,10,1,1,32,0.99,1,0.001,0.995,0.001,-156489.1,parity_data
520,100,10,1,1,32,0.99,0.5,0.1,0.985,0.0005,-130908.90000000001,parity_data
521,100,10,1,1,32,0.99,0.5,0.1,0.985,0.001,-144421.7,parity_data
522,100,10,1,1,32,0.99,0.5,0.1,0.995,0.0005,-166473.2,parity_data
523,100,10,1,1,32,0.99,0.5,0.1,0.995,0.001,-145456.9,parity_data
524,100,10,1,1,32,0.99,0.5,0.001,0.985,0.0005,-165741.0,parity_data
525,100,10,1,1,32,0.99,0.5,0.001,0.985,0.001,-153641.1,parity_data
526,100,10,1,1,32,0.99,0.5,0.001,0.995,0.0005,-183443.9,parity_data
527,100,10,1,1,32,0.99,0.5,0.001,0.995,0.001,-145800.9,parity_data
528,100,10,1,1,64,0.9,1,0.1,0.985,0.0005,-161487.7,parity_data
529,100,10,1,1,64,0.9,1,0.1,0.985,0.001,-145204.8,parity_data
530,100,10,1,1,64,0.9,1,0.1,0.995,0.0005,-152706.7,parity_data
531,100,10,1,1,64,0.9,1,0.1,0.995,0.001,-147730.9,parity_data
532,100,10,1,1,64,0.9,1,0.001,0.985,0.0005,-166735.30000000002,parity_data
533,100,10,1,1,64,0.9,1,0.001,0.985,0.001,-146202.9,parity_data
534,100,10,1,1,64,0.9,1,0.001,0.995,0.0005,-147244.0,parity_data
535,100,10,1,1,64,0.9,1,0.001,0.995,0.001,-146730.9,parity_data
536,100,10,1,1,64,0.9,0.5,0.1,0.985,0.0005,-165679.3,parity_data
537,100,10,1,1,64,0.9,0.5,0.1,0.985,0.001,-147753.0,parity_data
538,100,10,1,1,64,0.9,0.5,0.1,0.995,0.0005,-145806.9,parity_data
539,100,10,1,1,64,0.9,0.5,0.1,0.995,0.001,-147128.3,parity_data
540,100,10,1,1,64,0.9,0.5,0.001,0.985,0.0005,-147173.0,parity_data
541,100,10,1,1,64,0.9,0.5,0.001,0.985,0.001,-146753.0,parity_data
542,100,10,1,1,64,0.9,0.5,0.001,0.995,0.0005,-168623.1,parity_data
543,100,10,1,1,64,0.9,0.5,0.001,0.995,0.001,-146753.0,parity_data
544,100,10,1,1,64,0.95,1,0.1,0.985,0.0005,-133680.3,parity_data
545,100,10,1,1,64,0.95,1,0.1,0.985,0.001,-145823.0,parity_data
546,100,10,1,1,64,0.95,1,0.1,0.995,0.0005,-136948.3,parity_data
547,100,10,1,1,64,0.95,1,0.1,0.995,0.001,-147128.3,parity_data
548,100,10,1,1,64,0.95,1,0.001,0.985,0.0005,-166717.0,parity_data
549,100,10,1,1,64,0.95,1,0.001,0.985,0.001,-146011.1,parity_data
550,100,10,1,1,64,0.95,1,0.001,0.995,0.0005,-191888.90000000002,parity_data
551,100,10,1,1,64,0.95,1,0.001,0.995,0.001,-146689.7,parity_data
552,100,10,1,1,64,0.95,0.5,0.1,0.985,0.0005,-166735.30000000002,parity_data
553,100,10,1,1,64,0.95,0.5,0.1,0.985,0.001,-146150.9,parity_data
554,100,10,1,1,64,0.95,0.5,0.1,0.995,0.0005,-162051.80000000002,parity_data
555,100,10,1,1,64,0.95,0.5,0.1,0.995,0.001,-146161.7,parity_data
556,100,10,1,1,64,0.95,0.5,0.001,0.985,0.0005,-146150.9,parity_data
557,100,10,1,1,64,0.95,0.5,0.001,0.985,0.001,-146753.0,parity_data
558,100,10,1,1,64,0.95,0.5,0.001,0.995,0.0005,-167601.0,parity_data
559,100,10,1,1,64,0.95,0.5,0.001,0.995,0.001,-146609.1,parity_data
560,100,10,1,1,64,0.99,1,0.1,0.985,0.0005,-146173.0,parity_data
561,100,10,1,1,64,0.99,1,0.1,0.985,0.001,-145090.8,parity_data
562,100,10,1,1,64,0.99,1,0.1,0.995,0.0005,-159592.2,parity_data
563,100,10,1,1,64,0.99,1,0.1,0.995,0.001,-153727.4,parity_data
564,100,10,1,1,64,0.99,1,0.001,0.985,0.0005,-166717.0,parity_data
565,100,10,1,1,64,0.99,1,0.001,0.985,0.001,-147753.0,parity_data
566,100,10,1,1,64,0.99,1,0.001,0.995,0.0005,-174146.8,parity_data
567,100,10,1,1,64,0.99,1,0.001,0.995,0.001,-146150.9,parity_data
568,100,10,1,1,64,0.99,0.5,0.1,0.985,0.0005,-148885.1,parity_data
569,100,10,1,1,64,0.99,0.5,0.1,0.985,0.001,-146173.0,parity_data
570,100,10,1,1,64,0.99,0.5,0.1,0.995,0.0005,-145823.0,parity_data
571,100,10,1,1,64,0.99,0.5,0.1,0.995,0.001,-145778.3,parity_data
572,100,10,1,1,64,0.99,0.5,0.001,0.985,0.0005,-147494.9,parity_data
573,100,10,1,1,64,0.99,0.5,0.001,0.985,0.001,-146753.0,parity_data
574,100,10,1,1,64,0.99,0.5,0.001,0.995,0.0005,-291601.4,parity_data
575,100,10,1,1,64,0.99,0.5,0.001,0.995,0.001,-146150.9,parity_data
576,100,20,1,1,16,0.9,1,0.1,0.985,0.0005,-454054.69999999995,parity_data
577,100,20,1,1,16,0.9,1,0.1,0.985,0.001,-459631.0,parity_data
578,100,20,1,1,16,0.9,1,0.1,0.995,0.0005,-464703.5,parity_data
579,100,20,1,1,16,0.9,1,0.1,0.995,0.001,-436276.7,parity_data
580,100,20,1,1,16,0.9,1,0.001,0.985,0.0005,-430207.1,parity_data
581,100,20,1,1,16,0.9,1,0.001,0.985,0.001,-459538.89999999997,parity_data
582,100,20,1,1,16,0.9,1,0.001,0.995,0.0005,-478425.0,parity_data
583,100,20,1,1,16,0.9,1,0.001,0.995,0.001,-437490.6,parity_data
584,100,20,1,1,16,0.9,0.5,0.1,0.985,0.0005,-507586.6,parity_data
585,100,20,1,1,16,0.9,0.5,0.1,0.985,0.001,-435050.6,parity_data
586,100,20,1,1,16,0.9,0.5,0.1,0.995,0.0005,-485201.5,parity_data
587,100,20,1,1,16,0.9,0.5,0.1,0.995,0.001,-443186.6,parity_data
588,100,20,1,1,16,0.9,0.5,0.001,0.985,0.0005,-451489.60000000003,parity_data
589,100,20,1,1,16,0.9,0.5,0.001,0.985,0.001,-464859.3,parity_data
590,100,20,1,1,16,0.9,0.5,0.001,0.995,0.0005,-462201.39999999997,parity_data
591,100,20,1,1,16,0.9,0.5,0.001,0.995,0.001,-442039.5,parity_data
592,100,20,1,1,16,0.95,1,0.1,0.985,0.0005,-463714.0,parity_data
593,100,20,1,1,16,0.95,1,0.1,0.985,0.001,-535846.4,parity_data
594,100,20,1,1,16,0.95,1,0.1,0.995,0.0005,-575222.0,parity_data
595,100,20,1,1,16,0.95,1,0.1,0.995,0.001,-484192.30000000005,parity_data
596,100,20,1,1,16,0.95,1,0.001,0.985,0.0005,-459961.2,parity_data
597,100,20,1,1,16,0.95,1,0.001,0.985,0.001,-440328.5,parity_data
598,100,20,1,1,16,0.95,1,0.001,0.995,0.0005,-438565.7,parity_data
599,100,20,1,1,16,0.95,1,0.001,0.995,0.001,-547261.8,parity_data
600,100,20,1,1,16,0.95,0.5,0.1,0.985,0.0005,-472209.9,parity_data
601,100,20,1,1,16,0.95,0.5,0.1,0.985,0.001,-470286.39999999997,parity_data
602,100,20,1,1,16,0.95,0.5,0.1,0.995,0.0005,-455655.89999999997,parity_data
603,100,20,1,1,16,0.95,0.5,0.1,0.995,0.001,-436110.7,parity_data
604,100,20,1,1,16,0.95,0.5,0.001,0.985,0.0005,-484073.1,parity_data
605,100,20,1,1,16,0.95,0.5,0.001,0.985,0.001,-461468.89999999997,parity_data
606,100,20,1,1,16,0.95,0.5,0.001,0.995,0.0005,-543508.9,parity_data
607,100,20,1,1,16,0.95,0.5,0.001,0.995,0.001,-466234.7,parity_data
608,100,20,1,1,16,0.99,1,0.1,0.985,0.0005,-600716.5,parity_data
609,100,20,1,1,16,0.99,1,0.1,0.985,0.001,-484328.0,parity_data
610,100,20,1,1,16,0.99,1,0.1,0.995,0.0005,-436913.9,parity_data
611,100,20,1,1,16,0.99,1,0.1,0.995,0.001,-445269.9,parity_data
612,100,20,1,1,16,0.99,1,0.001,0.985,0.0005,-447896.5,parity_data
613,100,20,1,1,16,0.99,1,0.001,0.985,0.001,-486530.19999999995,parity_data
614,100,20,1,1,16,0.99,1,0.001,0.995,0.0005,-527663.8,parity_data
615,100,20,1,1,16,0.99,1,0.001,0.995,0.001,-614966.9,parity_data
616,100,20,1,1,16,0.99,0.5,0.1,0.985,0.0005,-516451.2,parity_data
617,100,20,1,1,16,0.99,0.5,0.1,0.985,0.001,-506718.69999999995,parity_data
618,100,20,1,1,16,0.99,0.5,0.1,0.995,0.0005,-478876.5,parity_data
619,100,20,1,1,16,0.99,0.5,0.1,0.995,0.001,-459223.80000000005,parity_data
620,100,20,1,1,16,0.99,0.5,0.001,0.985,0.0005,-532825.5,parity_data
621,100,20,1,1,16,0.99,0.5,0.001,0.985,0.001,-440356.30000000005,parity_data
622,100,20,1,1,16,0.99,0.5,0.001,0.995,0.0005,-517891.5,parity_data
623,100,20,1,1,16,0.99,0.5,0.001,0.995,0.001,-622052.3,parity_data
624,100,20,1,1,32,0.9,1,0.1,0.985,0.0005,-435308.5,parity_data
625,100,20,1,1,32,0.9,1,0.1,0.985,0.001,-435630.6,parity_data
626,100,20,1,1,32,0.9,1,0.1,0.995,0.0005,-441562.89999999997,parity_data
627,100,20,1,1,32,0.9,1,0.1,0.995,0.001,-435608.5,parity_data
628,100,20,1,1,32,0.9,1,0.001,0.985,0.0005,-429195.5,parity_data
629,100,20,1,1,32,0.9,1,0.001,0.985,0.001,-488498.1,parity_data
630,100,20,1,1,32,0.9,1,0.001,0.995,0.0005,-554023.7000000001,parity_data
631,100,20,1,1,32,0.9,1,0.001,0.995,0.001,-436549.3,parity_data
632,100,20,1,1,32,0.9,0.5,0.1,0.985,0.0005,-453561.39999999997,parity_data
633,100,20,1,1,32,0.9,0.5,0.1,0.985,0.001,-459608.89999999997,parity_data
634,100,20,1,1,32,0.9,0.5,0.1,0.995,0.0005,-459600.4,parity_data
635,100,20,1,1,32,0.9,0.5,0.1,0.995,0.001,-459608.89999999997,parity_data
636,100,20,1,1,32,0.9,0.5,0.001,0.985,0.0005,-474056.5,parity_data
637,100,20,1,1,32,0.9,0.5,0.001,0.985,0.001,-435493.8,parity_data
638,100,20,1,1,32,0.9,0.5,0.001,0.995,0.0005,-472332.7,parity_data
639,100,20,1,1,32,0.9,0.5,0.001,0.995,0.001,-459608.89999999997,parity_data
640,100,20,1,1,32,0.95,1,0.1,0.985,0.0005,-447629.9,parity_data
641,100,20,1,1,32,0.95,1,0.1,0.985,0.001,-487623.6,parity_data
642,100,20,1,1,32,0.95,1,0.1,0.995,0.0005,-509381.5,parity_data
643,100,20,1,1,32,0.95,1,0.1,0.995,0.001,-437445.89999999997,parity_data
644,100,20,1,1,32,0.95,1,0.001,0.985,0.0005,-523499.1,parity_data
645,100,20,1,1,32,0.95,1,0.001,0.985,0.001,-461295.5,parity_data
646,100,20,1,1,32,0.95,1,0.001,0.995,0.0005,-509784.30000000005,parity_data
647,100,20,1,1,32,0.95,1,0.001,0.995,0.001,-434984.7,parity_data
648,100,20,1,1,32,0.95,0.5,0.1,0.985,0.0005,-519033.5,parity_data
649,100,20,1,1,32,0.95,0.5,0.1,0.985,0.001,-435608.5,parity_data
650,100,20,1,1,32,0.95,0.5,0.1,0.995,0.0005,-429147.60000000003,parity_data
651,100,20,1,1,32,0.95,0.5,0.1,0.995,0.001,-437423.8,parity_data
652,100,20,1,1,32,0.95,0.5,0.001,0.985,0.0005,-455263.2,parity_data
653,100,20,1,1,32,0.95,0.5,0.001,0.985,0.001,-461491.0,parity_data
654,100,20,1,1,32,0.95,0.5,0.001,0.995,0.0005,-454468.5,parity_data
655,100,20,1,1,32,0.95,0.5,0.001,0.995,0.001,-460538.89999999997,parity_data
656,100,20,1,1,32,0.99,1,0.1,0.985,0.0005,-730544.7,parity_data
657,100,20,1,1,32,0.99,1,0.1,0.985,0.001,-542042.2,parity_data
658,100,20,1,1,32,0.99,1,0.1,0.995,0.0005,-539463.0,parity_data
659,100,20,1,1,32,0.99,1,0.1,0.995,0.001,-484130.0,parity_data
660,100,20,1,1,32,0.99,1,0.001,0.985,0.0005,-455115.3,parity_data
661,100,20,1,1,32,0.99,1,0.001,0.985,0.001,-525994.8,parity_data
662,100,20,1,1,32,0.99,1,0.001,0.995,0.0005,-701303.5,parity_data
663,100,20,1,1,32,0.99,1,0.001,0.995,0.001,-439990.89999999997,parity_data
664,100,20,1,1,32,0.99,0.5,0.1,0.985,0.0005,-478637.19999999995,parity_data
665,100,20,1,1,32,0.99,0.5,0.1,0.985,0.001,-444105.3,parity_data
666,100,20,1,1,32,0.99,0.5,0.1,0.995,0.0005,-452965.19999999995,parity_data
667,100,20,1,1,32,0.99,0.5,0.1,0.995,0.001,-442304.7,parity_data
668,100,20,1,1,32,0.99,0.5,0.001,0.985,0.0005,-557454.1,parity_data
669,100,20,1,1,32,0.99,0.5,0.001,0.985,0.001,-473848.9,parity_data
670,100,20,1,1,32,0.99,0.5,0.001,0.995,0.0005,-458250.8,parity_data
671,100,20,1,1,32,0.99,0.5,0.001,0.995,0.001,-490152.3,parity_data
672,100,20,1,1,64,0.9,1,0.1,0.985,0.0005,-467473.9,parity_data
673,100,20,1,1,64,0.9,1,0.1,0.985,0.001,-458995.5,parity_data
674,100,20,1,1,64,0.9,1,0.1,0.995,0.0005,-456260.3,parity_data
675,100,20,1,1,64,0.9,1,0.1,0.995,0.001,-435608.5,parity_data
676,100,20,1,1,64,0.9,1,0.001,0.985,0.0005,-435575.1,parity_data
677,100,20,1,1,64,0.9,1,0.001,0.985,0.001,-435563.8,parity_data
678,100,20,1,1,64,0.9,1,0.001,0.995,0.0005,-461398.89999999997,parity_data
679,100,20,1,1,64,0.9,1,0.001,0.995,0.001,-460516.3,parity_data
680,100,20,1,1,64,0.9,0.5,0.1,0.985,0.0005,-469496.0,parity_data
681,100,20,1,1,64,0.9,0.5,0.1,0.985,0.001,-437445.89999999997,parity_data
682,100,20,1,1,64,0.9,0.5,0.1,0.995,0.0005,-435560.6,parity_data
683,100,20,1,1,64,0.9,0.5,0.1,0.995,0.001,-459631.0,parity_data
684,100,20,1,1,64,0.9,0.5,0.001,0.985,0.0005,-459479.7,parity_data
685,100,20,1,1,64,0.9,0.5,0.001,0.985,0.001,-460516.3,parity_data
686,100,20,1,1,64,0.9,0.5,0.001,0.995,0.0005,-450437.6,parity_data
687,100,20,1,1,64,0.9,0.5,0.001,0.995,0.001,-459608.89999999997,parity_data
688,100,20,1,1,64,0.95,1,0.1,0.985,0.0005,-436843.1,parity_data
689,100,20,1,1,64,0.95,1,0.1,0.985,0.001,-436505.1,parity_data
690,100,20,1,1,64,0.95,1,0.1,0.995,0.0005,-459422.1,parity_data
691,100,20,1,1,64,0.95,1,0.1,0.995,0.001,-435388.6,parity_data
692,100,20,1,1,64,0.95,1,0.001,0.985,0.0005,-481012.4,parity_data
693,100,20,1,1,64,0.95,1,0.001,0.985,0.001,-437423.8,parity_data
694,100,20,1,1,64,0.95,1,0.001,0.995,0.0005,-508199.30000000005,parity_data
695,100,20,1,1,64,0.95,1,0.001,0.995,0.001,-461354.2,parity_data
696,100,20,1,1,64,0.95,0.5,0.1,0.985,0.0005,-471540.1,parity_data
697,100,20,1,1,64,0.95,0.5,0.1,0.985,0.001,-438398.5,parity_data
698,100,20,1,1,64,0.95,0.5,0.1,0.995,0.0005,-497625.9,parity_data
699,100,20,1,1,64,0.95,0.5,0.1,0.995,0.001,-434345.1,parity_data
700,100,20,1,1,64,0.95,0.5,0.001,0.985,0.0005,-505029.1,parity_data
701,100,20,1,1,64,0.95,0.5,0.001,0.985,0.001,-461491.0,parity_data
702,100,20,1,1,64,0.95,0.5,0.001,0.995,0.0005,-477505.6,parity_data
703,100,20,1,1,64,0.95,0.5,0.001,0.995,0.001,-461339.7,parity_data
704,100,20,1,1,64,0.99,1,0.1,0.985,0.0005,-486430.0,parity_data
705,100,20,1,1,64,0.99,1,0.1,0.985,0.001,-450415.5,parity_data
706,100,20,1,1,64,0.99,1,0.1,0.995,0.0005,-500884.60000000003,parity_data
707,100,20,1,1,64,0.99,1,0.1,0.995,0.001,-438162.5,parity_data
708,100,20,1,1,64,0.99,1,0.001,0.985,0.0005,-464488.69999999995,parity_data
709,100,20,1,1,64,0.99,1,0.001,0.985,0.001,-485741.5,parity_data
710,100,20,1,1,64,0.99,1,0.001,0.995,0.0005,-544351.4,parity_data
711,100,20,1,1,64,0.99,1,0.001,0.995,0.001,-488507.69999999995,parity_data
712,100,20,1,1,64,0.99,0.5,0.1,0.985,0.0005,-463331.89999999997,parity_data
713,100,20,1,1,64,0.99,0.5,0.1,0.985,0.001,-477122.0,parity_data
714,100,20,1,1,64,0.99,0.5,0.1,0.995,0.0005,-470461.3,parity_data
715,100,20,1,1,64,0.99,0.5,0.1,0.995,0.001,-435050.6,parity_data
716,100,20,1,1,64,0.99,0.5,0.001,0.985,0.0005,-501902.3,parity_data
717,100,20,1,1,64,0.99,0.5,0.001,0.985,0.001,-431079.7,parity_data
718,100,20,1,1,64,0.99,0.5,0.001,0.995,0.0005,-543043.9,parity_data
719,100,20,1,1,64,0.99,0.5,0.001,0.995,0.001,-466931.8,parity_data
720,100,50,1,1,16,0.9,1,0.1,0.985,0.0005,-1871936.4000000001,parity_data
721,100,50,1,1,16,0.9,1,0.1,0.985,0.001,-2026577.9,parity_data
722,100,50,1,1,16,0.9,1,0.1,0.995,0.0005,-1762267.9,parity_data
723,100,50,1,1,16,0.9,1,0.1,0.995,0.001,-1759405.9,parity_data
724,100,50,1,1,16,0.9,1,0.001,0.985,0.0005,-1809145.1,parity_data
725,100,50,1,1,16,0.9,1,0.001,0.985,0.001,-1844611.2,parity_data
726,100,50,1,1,16,0.9,1,0.001,0.995,0.0005,-1734300.4,parity_data
727,100,50,1,1,16,0.9,1,0.001,0.995,0.001,-1907510.8,parity_data
728,100,50,1,1,16,0.9,0.5,0.1,0.985,0.0005,-1831792.5999999999,parity_data
729,100,50,1,1,16,0.9,0.5,0.1,0.985,0.001,-1682717.0,parity_data
730,100,50,1,1,16,0.9,0.5,0.1,0.995,0.0005,-1777099.0999999999,parity_data
731,100,50,1,1,16,0.9,0.5,0.1,0.995,0.001,-1686740.4,parity_data
732,100,50,1,1,16,0.9,0.5,0.001,0.985,0.0005,-1773821.4000000001,parity_data
733,100,50,1,1,16,0.9,0.5,0.001,0.985,0.001,-1724167.9,parity_data
734,100,50,1,1,16,0.9,0.5,0.001,0.995,0.0005,-1904068.0,parity_data
735,100,50,1,1,16,0.9,0.5,0.001,0.995,0.001,-1612553.7,parity_data
736,100,50,1,1,16,0.95,1,0.1,0.985,0.0005,-1763998.8999999997,parity_data
737,100,50,1,1,16,0.95,1,0.1,0.985,0.001,-1703592.3,parity_data
738,100,50,1,1,16,0.95,1,0.1,0.995,0.0005,-1683559.9000000001,parity_data
739,100,50,1,1,16,0.95,1,0.1,0.995,0.001,-1673057.2,parity_data
740,100,50,1,1,16,0.95,1,0.001,0.985,0.0005,-1785401.0,parity_data
741,100,50,1,1,16,0.95,1,0.001,0.985,0.001,-1817192.7000000002,parity_data
742,100,50,1,1,16,0.95,1,0.001,0.995,0.0005,-1657057.5999999999,parity_data
743,100,50,1,1,16,0.95,1,0.001,0.995,0.001,-1736344.7,parity_data
744,100,50,1,1,16,0.95,0.5,0.1,0.985,0.0005,-1694578.4,parity_data
745,100,50,1,1,16,0.95,0.5,0.1,0.985,0.001,-1675920.7000000002,parity_data
746,100,50,1,1,16,0.95,0.5,0.1,0.995,0.0005,-1783649.4999999998,parity_data
747,100,50,1,1,16,0.95,0.5,0.1,0.995,0.001,-1893774.7,parity_data
748,100,50,1,1,16,0.95,0.5,0.001,0.985,0.0005,-1806655.4,parity_data
749,100,50,1,1,16,0.95,0.5,0.001,0.985,0.001,-2312184.9000000004,parity_data
750,100,50,1,1,16,0.95,0.5,0.001,0.995,0.0005,-1746660.2999999998,parity_data
751,100,50,1,1,16,0.95,0.5,0.001,0.995,0.001,-1624017.8,parity_data
752,100,50,1,1,16,0.99,1,0.1,0.985,0.0005,-2033215.5999999999,parity_data
753,100,50,1,1,16,0.99,1,0.1,0.985,0.001,-1891275.0999999999,parity_data
754,100,50,1,1,16,0.99,1,0.1,0.995,0.0005,-1798600.5999999999,parity_data
755,100,50,1,1,16,0.99,1,0.1,0.995,0.001,-1806469.1,parity_data
756,100,50,1,1,16,0.99,1,0.001,0.985,0.0005,-2121371.5999999996,parity_data
757,100,50,1,1,16,0.99,1,0.001,0.985,0.001,-1757092.9,parity_data
758,100,50,1,1,16,0.99,1,0.001,0.995,0.0005,-1856868.4999999998,parity_data
759,100,50,1,1,16,0.99,1,0.001,0.995,0.001,-1614858.9000000001,parity_data
760,100,50,1,1,16,0.99,0.5,0.1,0.985,0.0005,-1747977.3,parity_data
761,100,50,1,1,16,0.99,0.5,0.1,0.985,0.001,-1984242.6,parity_data
762,100,50,1,1,16,0.99,0.5,0.1,0.995,0.0005,-1746856.0,parity_data
763,100,50,1,1,16,0.99,0.5,0.1,0.995,0.001,-1807400.9000000001,parity_data
764,100,50,1,1,16,0.99,0.5,0.001,0.985,0.0005,-1824700.5999999999,parity_data
765,100,50,1,1,16,0.99,0.5,0.001,0.985,0.001,-1727892.4,parity_data
766,100,50,1,1,16,0.99,0.5,0.001,0.995,0.0005,-1755770.0,parity_data
767,100,50,1,1,16,0.99,0.5,0.001,0.995,0.001,-1841405.2000000002,parity_data
768,100,50,1,1,32,0.9,1,0.1,0.985,0.0005,-1683267.7,parity_data
769,100,50,1,1,32,0.9,1,0.1,0.985,0.001,-1668881.2000000002,parity_data
770,100,50,1,1,32,0.9,1,0.1,0.995,0.0005,-1644959.4,parity_data
771,100,50,1,1,32,0.9,1,0.1,0.995,0.001,-1790561.3,parity_data
772,100,50,1,1,32,0.9,1,0.001,0.985,0.0005,-1779348.4,parity_data
773,100,50,1,1,32,0.9,1,0.001,0.985,0.001,-1887201.8000000003,parity_data
774,100,50,1,1,32,0.9,1,0.001,0.995,0.0005,-1669054.5,parity_data
775,100,50,1,1,32,0.9,1,0.001,0.995,0.001,-1865016.7,parity_data
776,100,50,1,1,32,0.9,0.5,0.1,0.985,0.0005,-1741899.3,parity_data
777,100,50,1,1,32,0.9,0.5,0.1,0.985,0.001,-1647817.7999999998,parity_data
778,100,50,1,1,32,0.9,0.5,0.1,0.995,0.0005,-1774359.7000000002,parity_data
779,100,50,1,1,32,0.9,0.5,0.1,0.995,0.001,-1960909.3,parity_data
780,100,50,1,1,32,0.9,0.5,0.001,0.985,0.0005,-1858655.0,parity_data
781,100,50,1,1,32,0.9,0.5,0.001,0.985,0.001,-1683489.2999999998,parity_data
782,100,50,1,1,32,0.9,0.5,0.001,0.995,0.0005,-1652094.4,parity_data
783,100,50,1,1,32,0.9,0.5,0.001,0.995,0.001,-1813941.0,parity_data
784,100,50,1,1,32,0.95,1,0.1,0.985,0.0005,-1720410.2,parity_data
785,100,50,1,1,32,0.95,1,0.1,0.985,0.001,-1695896.7000000002,parity_data
786,100,50,1,1,32,0.95,1,0.1,0.995,0.0005,-1757864.6,parity_data
787,100,50,1,1,32,0.95,1,0.1,0.995,0.001,-1810585.0999999999,parity_data
788,100,50,1,1,32,0.95,1,0.001,0.985,0.0005,-1724970.0999999999,parity_data
789,100,50,1,1,32,0.95,1,0.001,0.985,0.001,-1691969.7,parity_data
790,100,50,1,1,32,0.95,1,0.001,0.995,0.0005,-1690537.4,parity_data
791,100,50,1,1,32,0.95,1,0.001,0.995,0.001,-1776421.5,parity_data
792,100,50,1,1,32,0.95,0.5,0.1,0.985,0.0005,-1954412.5,parity_data
793,100,50,1,1,32,0.95,0.5,0.1,0.985,0.001,-1649559.2999999998,parity_data
794,100,50,1,1,32,0.95,0.5,0.1,0.995,0.0005,-1802525.2000000002,parity_data
795,100,50,1,1,32,0.95,0.5,0.1,0.995,0.001,-1857896.6,parity_data
796,100,50,1,1,32,0.95,0.5,0.001,0.985,0.0005,-1628790.5,parity_data
797,100,50,1,1,32,0.95,0.5,0.001,0.985,0.001,-1773147.8,parity_data
798,100,50,1,1,32,0.95,0.5,0.001,0.995,0.0005,-1717864.9000000001,parity_data
799,100,50,1,1,32,0.95,0.5,0.001,0.995,0.001,-1875645.9,parity_data
800,100,50,1,1,32,0.99,1,0.1,0.985,0.0005,-1707642.6,parity_data
801,100,50,1,1,32,0.99,1,0.1,0.985,0.001,-1826168.4999999998,parity_data
802,100,50,1,1,32,0.99,1,0.1,0.995,0.0005,-1792486.9000000001,parity_data
803,100,50,1,1,32,0.99,1,0.1,0.995,0.001,-1665908.0,parity_data
804,100,50,1,1,32,0.99,1,0.001,0.985,0.0005,-1693896.4,parity_data
805,100,50,1,1,32,0.99,1,0.001,0.985,0.001,-1684417.6,parity_data
806,100,50,1,1,32,0.99,1,0.001,0.995,0.0005,-1779425.0,parity_data
807,100,50,1,1,32,0.99,1,0.001,0.995,0.001,-1898482.7999999998,parity_data
808,100,50,1,1,32,0.99,0.5,0.1,0.985,0.0005,-1754059.6,parity_data
809,100,50,1,1,32,0.99,0.5,0.1,0.985,0.001,-1778129.7000000002,parity_data
810,100,50,1,1,32,0.99,0.5,0.1,0.995,0.0005,-1880790.2999999998,parity_data
811,100,50,1,1,32,0.99,0.5,0.1,0.995,0.001,-1925586.3,parity_data
812,100,50,1,1,32,0.99,0.5,0.001,0.985,0.0005,-1847253.0,parity_data
813,100,50,1,1,32,0.99,0.5,0.001,0.985,0.001,-1762937.4000000001,parity_data
814,100,50,1,1,32,0.99,0.5,0.001,0.995,0.0005,-1785531.2,parity_data
815,100,50,1,1,32,0.99,0.5,0.001,0.995,0.001,-1727515.2999999998,parity_data
816,100,50,1,1,64,0.9,1,0.1,0.985,0.0005,-1747137.4999999998,parity_data
817,100,50,1,1,64,0.9,1,0.1,0.985,0.001,-1788112.8,parity_data
818,100,50,1,1,64,0.9,1,0.1,0.995,0.0005,-1662276.2,parity_data
819,100,50,1,1,64,0.9,1,0.1,0.995,0.001,-1544677.6,parity_data
820,100,50,1,1,64,0.9,1,0.001,0.985,0.0005,-1849331.0000000002,parity_data
821,100,50,1,1,64,0.9,1,0.001,0.985,0.001,-1637445.7999999998,parity_data
822,100,50,1,1,64,0.9,1,0.001,0.995,0.0005,-1722376.4,parity_data
823,100,50,1,1,64,0.9,1,0.001,0.995,0.001,-1604634.7000000002,parity_data
824,100,50,1,1,64,0.9,0.5,0.1,0.985,0.0005,-1645044.8,parity_data
825,100,50,1,1,64,0.9,0.5,0.1,0.985,0.001,-1718312.6,parity_data
826,100,50,1,1,64,0.9,0.5,0.1,0.995,0.0005,-1709782.8,parity_data
827,100,50,1,1,64,0.9,0.5,0.1,0.995,0.001,-2012211.8999999997,parity_data
828,100,50,1,1,64,0.9,0.5,0.001,0.985,0.0005,-1544402.8000000003,parity_data
829,100,50,1,1,64,0.9,0.5,0.001,0.985,0.001,-1640279.4000000001,parity_data
830,100,50,1,1,64,0.9,0.5,0.001,0.995,0.0005,-1622576.0,parity_data
831,100,50,1,1,64,0.9,0.5,0.001,0.995,0.001,-1679416.1,parity_data
832,100,50,1,1,64,0.95,1,0.1,0.985,0.0005,-1773507.3,parity_data
833,100,50,1,1,64,0.95,1,0.1,0.985,0.001,-1633580.0,parity_data
834,100,50,1,1,64,0.95,1,0.1,0.995,0.0005,-1714798.6,parity_data
835,100,50,1,1,64,0.95,1,0.1,0.995,0.001,-1622975.9000000001,parity_data
836,100,50,1,1,64,0.95,1,0.001,0.985,0.0005,-1872186.3999999997,parity_data
837,100,50,1,1,64,0.95,1,0.001,0.985,0.001,-1664749.6,parity_data
838,100,50,1,1,64,0.95,1,0.001,0.995,0.0005,-1744581.4,parity_data
839,100,50,1,1,64,0.95,1,0.001,0.995,0.001,-1710301.4000000001,parity_data
840,100,50,1,1,64,0.95,0.5,0.1,0.985,0.0005,-1776817.0999999999,parity_data
841,100,50,1,1,64,0.95,0.5,0.1,0.985,0.001,-1702999.0999999999,parity_data
842,100,50,1,1,64,0.95,0.5,0.1,0.995,0.0005,-1724391.1,parity_data
843,100,50,1,1,64,0.95,0.5,0.1,0.995,0.001,-1614740.0,parity_data
844,100,50,1,1,64,0.95,0.5,0.001,0.985,0.0005,-1582629.2,parity_data
845,100,50,1,1,64,0.95,0.5,0.001,0.985,0.001,-1737112.0,parity_data
846,100,50,1,1,64,0.95,0.5,0.001,0.995,0.0005,-1516381.9999999998,parity_data
847,100,50,1,1,64,0.95,0.5,0.001,0.995,0.001,-1669218.5999999999,parity_data
848,100,50,1,1,64,0.99,1,0.1,0.985,0.0005,-1736664.9,parity_data
849,100,50,1,1,64,0.99,1,0.1,0.985,0.001,-1806534.8000000003,parity_data
850,100,50,1,1,64,0.99,1,0.1,0.995,0.0005,-1655378.5999999999,parity_data
851,100,50,1,1,64,0.99,1,0.1,0.995,0.001,-1662417.0,parity_data
852,100,50,1,1,64,0.99,1,0.001,0.985,0.0005,-1650080.0,parity_data
853,100,50,1,1,64,0.99,1,0.001,0.985,0.001,-1698288.5,parity_data
854,100,50,1,1,64,0.99,1,0.001,0.995,0.0005,-1710594.0999999999,parity_data
855,100,50,1,1,64,0.99,1,0.001,0.995,0.001,-1618321.9,parity_data
856,100,50,1,1,64,0.99,0.5,0.1,0.985,0.0005,-1831460.0000000002,parity_data
857,100,50,1,1,64,0.99,0.5,0.1,0.985,0.001,-1806697.0,parity_data
858,100,50,1,1,64,0.99,0.5,0.1,0.995,0.0005,-1764802.5,parity_data
859,100,50,1,1,64,0.99,0.5,0.1,0.995,0.001,-1804861.2,parity_data
860,100,50,1,1,64,0.99,0.5,0.001,0.985,0.0005,-1682439.3,parity_data
861,100,50,1,1,64,0.99,0.5,0.001,0.985,0.001,-1893003.1,parity_data
862,100,50,1,1,64,0.99,0.5,0.001,0.995,0.0005,-1791123.3,parity_data
863,100,50,1,1,64,0.99,0.5,0.001,0.995,0.001,-1768861.4,parity_data
864,100,10,1,1,16,0.9,1,0.1,0.985,0.0005,-180634.3,proportional_data
865,100,10,1,1,16,0.9,1,0.1,0.985,0.001,-178413.4,proportional_data
866,100,10,1,1,16,0.9,1,0.1,0.995,0.0005,-180242.7,proportional_data
867,100,10,1,1,16,0.9,1,0.1,0.995,0.001,-178242.7,proportional_data
868,100,10,1,1,16,0.9,1,0.001,0.985,0.0005,-218908.3,proportional_data
869,100,10,1,1,16,0.9,1,0.001,0.985,0.001,-178447.8,proportional_data
870,100,10,1,1,16,0.9,1,0.001,0.995,0.0005,-181144.0,proportional_data
871,100,10,1,1,16,0.9,1,0.001,0.995,0.001,-177968.8,proportional_data
872,100,10,1,1,16,0.9,0.5,0.1,0.985,0.0005,-178003.2,proportional_data
873,100,10,1,1,16,0.9,0.5,0.1,0.985,0.001,-178447.8,proportional_data
874,100,10,1,1,16,0.9,0.5,0.1,0.995,0.0005,-163705.7,proportional_data
875,100,10,1,1,16,0.9,0.5,0.1,0.995,0.001,-178447.8,proportional_data
876,100,10,1,1,16,0.9,0.5,0.001,0.985,0.0005,-180173.9,proportional_data
877,100,10,1,1,16,0.9,0.5,0.001,0.985,0.001,-181288.7,proportional_data
878,100,10,1,1,16,0.9,0.5,0.001,0.995,0.0005,-178113.5,proportional_data
879,100,10,1,1,16,0.9,0.5,0.001,0.995,0.001,-209578.2,proportional_data
880,100,10,1,1,16,0.95,1,0.1,0.985,0.0005,-180293.7,proportional_data
881,100,10,1,1,16,0.95,1,0.1,0.985,0.001,-178242.7,proportional_data
882,100,10,1,1,16,0.95,1,0.1,0.995,0.0005,-177483.5,proportional_data
883,100,10,1,1,16,0.95,1,0.1,0.995,0.001,-163324.90000000002,proportional_data
884,100,10,1,1,16,0.95,1,0.001,0.985,0.0005,-224270.8,proportional_data
885,100,10,1,1,16,0.95,1,0.001,0.985,0.001,-178242.7,proportional_data
886,100,10,1,1,16,0.95,1,0.001,0.995,0.0005,-232372.5,proportional_data
887,100,10,1,1,16,0.95,1,0.001,0.995,0.001,-218320.8,proportional_data
888,100,10,1,1,16,0.95,0.5,0.1,0.985,0.0005,-177628.2,proportional_data
889,100,10,1,1,16,0.95,0.5,0.1,0.985,0.001,-162980.90000000002,proportional_data
890,100,10,1,1,16,0.95,0.5,0.1,0.995,0.0005,-177483.5,proportional_data
891,100,10,1,1,16,0.95,0.5,0.1,0.995,0.001,-176963.8,proportional_data
892,100,10,1,1,16,0.95,0.5,0.001,0.985,0.0005,-182048.4,proportional_data
893,100,10,1,1,16,0.95,0.5,0.001,0.985,0.001,-180872.7,proportional_data
894,100,10,1,1,16,0.95,0.5,0.001,0.995,0.0005,-194000.5,proportional_data
895,100,10,1,1,16,0.95,0.5,0.001,0.995,0.001,-167927.6,proportional_data
896,100,10,1,1,16,0.99,1,0.1,0.985,0.0005,-180779.0,proportional_data
897,100,10,1,1,16,0.99,1,0.1,0.985,0.001,-162980.90000000002,proportional_data
898,100,10,1,1,16,0.99,1,0.1,0.995,0.0005,-165404.5,proportional_data
899,100,10,1,1,16,0.99,1,0.1,0.995,0.001,-184890.0,proportional_data
900,100,10,1,1,16,0.99,1,0.001,0.985,0.0005,-227040.2,proportional_data
901,100,10,1,1,16,0.99,1,0.001,0.985,0.001,-163466.2,proportional_data
902,100,10,1,1,16,0.99,1,0.001,0.995,0.0005,-180127.1,proportional_data
903,100,10,1,1,16,0.99,1,0.001,0.995,0.001,-164474.6,proportional_data
904,100,10,1,1,16,0.99,0.5,0.1,0.985,0.0005,-182054.2,proportional_data
905,100,10,1,1,16,0.99,0.5,0.1,0.985,0.001,-166812.3,proportional_data
906,100,10,1,1,16,0.99,0.5,0.1,0.995,0.0005,-181358.0,proportional_data
907,100,10,1,1,16,0.99,0.5,0.1,0.995,0.001,-162980.90000000002,proportional_data
908,100,10,1,1,16,0.99,0.5,0.001,0.985,0.0005,-185785.0,proportional_data
909,100,10,1,1,16,0.99,0.5,0.001,0.985,0.001,-165719.10000000003,proportional_data
910,100,10,1,1,16,0.99,0.5,0.001,0.995,0.0005,-169282.40000000002,proportional_data
911,100,10,1,1,16,0.99,0.5,0.001,0.995,0.001,-182046.0,proportional_data
912,100,10,1,1,32,0.9,1,0.1,0.985,0.0005,-167786.3,proportional_data
913,100,10,1,1,32,0.9,1,0.1,0.985,0.001,-232758.9,proportional_data
914,100,10,1,1,32,0.9,1,0.1,0.995,0.0005,-178998.2,proportional_data
915,100,10,1,1,32,0.9,1,0.1,0.995,0.001,-232176.0,proportional_data
916,100,10,1,1,32,0.9,1,0.001,0.985,0.0005,-179968.8,proportional_data
917,100,10,1,1,32,0.9,1,0.001,0.985,0.001,-177203.3,proportional_data
918,100,10,1,1,32,0.9,1,0.001,0.995,0.0005,-177483.5,proportional_data
919,100,10,1,1,32,0.9,1,0.001,0.995,0.001,-177694.40000000002,proportional_data
920,100,10,1,1,32,0.9,0.5,0.1,0.985,0.0005,-178242.7,proportional_data
921,100,10,1,1,32,0.9,0.5,0.1,0.985,0.001,-179144.0,proportional_data
922,100,10,1,1,32,0.9,0.5,0.1,0.995,0.0005,-179723.0,proportional_data
923,100,10,1,1,32,0.9,0.5,0.1,0.995,0.001,-178558.09999999998,proportional_data
924,100,10,1,1,32,0.9,0.5,0.001,0.985,0.0005,-179581.8,proportional_data
925,100,10,1,1,32,0.9,0.5,0.001,0.985,0.001,-178733.8,proportional_data
926,100,10,1,1,32,0.9,0.5,0.001,0.995,0.0005,-181077.8,proportional_data
927,100,10,1,1,32,0.9,0.5,0.001,0.995,0.001,-180447.8,proportional_data
928,100,10,1,1,32,0.95,1,0.1,0.985,0.0005,-165060.5,proportional_data
929,100,10,1,1,32,0.95,1,0.1,0.985,0.001,-163324.90000000002,proportional_data
930,100,10,1,1,32,0.95,1,0.1,0.995,0.0005,-164335.7,proportional_data
931,100,10,1,1,32,0.95,1,0.1,0.995,0.001,-178447.8,proportional_data
932,100,10,1,1,32,0.95,1,0.001,0.985,0.0005,-213102.3,proportional_data
933,100,10,1,1,32,0.95,1,0.001,0.985,0.001,-178173.9,proportional_data
934,100,10,1,1,32,0.95,1,0.001,0.995,0.0005,-179323.59999999998,proportional_data
935,100,10,1,1,32,0.95,1,0.001,0.995,0.001,-177833.3,proportional_data
936,100,10,1,1,32,0.95,0.5,0.1,0.985,0.0005,-178516.40000000002,proportional_data
937,100,10,1,1,32,0.95,0.5,0.1,0.985,0.001,-164323.90000000002,proportional_data
938,100,10,1,1,32,0.95,0.5,0.1,0.995,0.0005,-179968.8,proportional_data
939,100,10,1,1,32,0.95,0.5,0.1,0.995,0.001,-177723.0,proportional_data
940,100,10,1,1,32,0.95,0.5,0.001,0.985,0.0005,-178983.0,proportional_data
941,100,10,1,1,32,0.95,0.5,0.001,0.985,0.001,-178904.5,proportional_data
942,100,10,1,1,32,0.95,0.5,0.001,0.995,0.0005,-180258.2,proportional_data
943,100,10,1,1,32,0.95,0.5,0.001,0.995,0.001,-163943.1,proportional_data
944,100,10,1,1,32,0.99,1,0.1,0.985,0.0005,-211012.69999999998,proportional_data
945,100,10,1,1,32,0.99,1,0.1,0.985,0.001,-178413.4,proportional_data
946,100,10,1,1,32,0.99,1,0.1,0.995,0.0005,-178353.0,proportional_data
947,100,10,1,1,32,0.99,1,0.1,0.995,0.001,-163324.90000000002,proportional_data
948,100,10,1,1,32,0.99,1,0.001,0.985,0.0005,-186919.2,proportional_data
949,100,10,1,1,32,0.99,1,0.001,0.985,0.001,-165545.8,proportional_data
950,100,10,1,1,32,0.99,1,0.001,0.995,0.0005,-178214.09999999998,proportional_data
951,100,10,1,1,32,0.99,1,0.001,0.995,0.001,-177723.0,proportional_data
952,100,10,1,1,32,0.99,0.5,0.1,0.985,0.0005,-172361.90000000002,proportional_data
953,100,10,1,1,32,0.99,0.5,0.1,0.985,0.001,-206976.7,proportional_data
954,100,10,1,1,32,0.99,0.5,0.1,0.995,0.0005,-179358.0,proportional_data
955,100,10,1,1,32,0.99,0.5,0.1,0.995,0.001,-162229.5,proportional_data
956,100,10,1,1,32,0.99,0.5,0.001,0.985,0.0005,-162980.90000000002,proportional_data
957,100,10,1,1,32,0.99,0.5,0.001,0.985,0.001,-162980.90000000002,proportional_data
958,100,10,1,1,32,0.99,0.5,0.001,0.995,0.0005,-203913.09999999998,proportional_data
959,100,10,1,1,32,0.99,0.5,0.001,0.995,0.001,-187991.8,proportional_data
960,100,10,1,1,64,0.9,1,0.1,0.985,0.0005,-179968.8,proportional_data
961,100,10,1,1,64,0.9,1,0.1,0.985,0.001,-179178.40000000002,proportional_data
962,100,10,1,1,64,0.9,1,0.1,0.995,0.0005,-178633.2,proportional_data
963,100,10,1,1,64,0.9,1,0.1,0.995,0.001,-179178.40000000002,proportional_data
964,100,10,1,1,64,0.9,1,0.001,0.985,0.0005,-177526.59999999998,proportional_data
965,100,10,1,1,64,0.9,1,0.001,0.985,0.001,-177833.3,proportional_data
966,100,10,1,1,64,0.9,1,0.001,0.995,0.0005,-178598.8,proportional_data
967,100,10,1,1,64,0.9,1,0.001,0.995,0.001,-179178.40000000002,proportional_data
968,100,10,1,1,64,0.9,0.5,0.1,0.985,0.0005,-174417.09999999998,proportional_data
969,100,10,1,1,64,0.9,0.5,0.1,0.985,0.001,-178558.09999999998,proportional_data
970,100,10,1,1,64,0.9,0.5,0.1,0.995,0.0005,-178733.8,proportional_data
971,100,10,1,1,64,0.9,0.5,0.1,0.995,0.001,-178558.09999999998,proportional_data
972,100,10,1,1,64,0.9,0.5,0.001,0.985,0.0005,-163954.90000000002,proportional_data
973,100,10,1,1,64,0.9,0.5,0.001,0.985,0.001,-177688.59999999998,proportional_data
974,100,10,1,1,64,0.9,0.5,0.001,0.995,0.0005,-177688.59999999998,proportional_data
975,100,10,1,1,64,0.9,0.5,0.001,0.995,0.001,-178558.09999999998,proportional_data
976,100,10,1,1,64,0.95,1,0.1,0.985,0.0005,-165297.90000000002,proportional_data
977,100,10,1,1,64,0.95,1,0.1,0.985,0.001,-178413.4,proportional_data
978,100,10,1,1,64,0.95,1,0.1,0.995,0.0005,-179358.0,proportional_data
979,100,10,1,1,64,0.95,1,0.1,0.995,0.001,-163324.90000000002,proportional_data
980,100,10,1,1,64,0.95,1,0.001,0.985,0.0005,-168511.10000000003,proportional_data
981,100,10,1,1,64,0.95,1,0.001,0.985,0.001,-177933.90000000002,proportional_data
982,100,10,1,1,64,0.95,1,0.001,0.995,0.0005,-181563.09999999998,proportional_data
983,100,10,1,1,64,0.95,1,0.001,0.995,0.001,-181144.0,proportional_data
984,100,10,1,1,64,0.95,0.5,0.1,0.985,0.0005,-174797.4,proportional_data
985,100,10,1,1,64,0.95,0.5,0.1,0.985,0.001,-179178.40000000002,proportional_data
986,100,10,1,1,64,0.95,0.5,0.1,0.995,0.0005,-174342.5,proportional_data
987,100,10,1,1,64,0.95,0.5,0.1,0.995,0.001,-179144.0,proportional_data
988,100,10,1,1,64,0.95,0.5,0.001,0.985,0.0005,-166022.7,proportional_data
989,100,10,1,1,64,0.95,0.5,0.001,0.985,0.001,-178563.90000000002,proportional_data
990,100,10,1,1,64,0.95,0.5,0.001,0.995,0.0005,-295622.9,proportional_data
991,100,10,1,1,64,0.95,0.5,0.001,0.995,0.001,-177203.3,proportional_data
992,100,10,1,1,64,0.99,1,0.1,0.985,0.0005,-166022.7,proportional_data
993,100,10,1,1,64,0.99,1,0.1,0.985,0.001,-162980.90000000002,proportional_data
994,100,10,1,1,64,0.99,1,0.1,0.995,0.0005,-227748.90000000002,proportional_data
995,100,10,1,1,64,0.99,1,0.1,0.995,0.001,-188589.9,proportional_data
996,100,10,1,1,64,0.99,1,0.001,0.985,0.0005,-165534.0,proportional_data
997,100,10,1,1,64,0.99,1,0.001,0.985,0.001,-179839.09999999998,proportional_data
998,100,10,1,1,64,0.99,1,0.001,0.995,0.0005,-280192.1,proportional_data
999,100,10,1,1,64,0.99,1,0.001,0.995,0.001,-234294.5,proportional_data
1000,100,10,1,1,64,0.99,0.5,0.1,0.985,0.0005,-204784.3,proportional_data
1001,100,10,1,1,64,0.99,0.5,0.1,0.985,0.001,-177723.0,proportional_data
1002,100,10,1,1,64,0.99,0.5,0.1,0.995,0.0005,-227300.7,proportional_data
1003,100,10,1,1,64,0.99,0.5,0.1,0.995,0.001,-181144.0,proportional_data
1004,100,10,1,1,64,0.99,0.5,0.001,0.985,0.0005,-239556.0,proportional_data
1005,100,10,1,1,64,0.99,0.5,0.001,0.985,0.001,-177933.90000000002,proportional_data
1006,100,10,1,1,64,0.99,0.5,0.001,0.995,0.0005,-197685.09999999998,proportional_data
1007,100,10,1,1,64,0.99,0.5,0.001,0.995,0.001,-180328.59999999998,proportional_data
1008,100,20,1,1,16,0.9,1,0.1,0.985,0.0005,-567782.2,proportional_data
1009,100,20,1,1,16,0.9,1,0.1,0.985,0.001,-890175.2000000001,proportional_data
1010,100,20,1,1,16,0.9,1,0.1,0.995,0.0005,-549307.6,proportional_data
1011,100,20,1,1,16,0.9,1,0.1,0.995,0.001,-868610.3999999999,proportional_data
1012,100,20,1,1,16,0.9,1,0.001,0.985,0.0005,-548745.1,proportional_data
1013,100,20,1,1,16,0.9,1,0.001,0.985,0.001,-887860.2000000001,proportional_data
1014,100,20,1,1,16,0.9,1,0.001,0.995,0.0005,-544911.7,proportional_data
1015,100,20,1,1,16,0.9,1,0.001,0.995,0.001,-776730.1000000001,proportional_data
1016,100,20,1,1,16,0.9,0.5,0.1,0.985,0.0005,-548822.3,proportional_data
1017,100,20,1,1,16,0.9,0.5,0.1,0.985,0.001,-784299.5,proportional_data
1018,100,20,1,1,16,0.9,0.5,0.1,0.995,0.0005,-542023.2,proportional_data
1019,100,20,1,1,16,0.9,0.5,0.1,0.995,0.001,-737161.8,proportional_data
1020,100,20,1,1,16,0.9,0.5,0.001,0.985,0.0005,-569834.5,proportional_data
1021,100,20,1,1,16,0.9,0.5,0.001,0.985,0.001,-680287.7,proportional_data
1022,100,20,1,1,16,0.9,0.5,0.001,0.995,0.0005,-556293.2999999999,proportional_data
1023,100,20,1,1,16,0.9,0.5,0.001,0.995,0.001,-708786.8,proportional_data
1024,100,20,1,1,16,0.95,1,0.1,0.985,0.0005,-580685.1,proportional_data
1025,100,20,1,1,16,0.95,1,0.1,0.985,0.001,-699077.2000000001,proportional_data
1026,100,20,1,1,16,0.95,1,0.1,0.995,0.0005,-546221.9,proportional_data
1027,100,20,1,1,16,0.95,1,0.1,0.995,0.001,-729224.0,proportional_data
1028,100,20,1,1,16,0.95,1,0.001,0.985,0.0005,-615633.2,proportional_data
1029,100,20,1,1,16,0.95,1,0.001,0.985,0.001,-746080.1,proportional_data
1030,100,20,1,1,16,0.95,1,0.001,0.995,0.0005,-559382.7,proportional_data
1031,100,20,1,1,16,0.95,1,0.001,0.995,0.001,-838519.8999999999,proportional_data
1032,100,20,1,1,16,0.95,0.5,0.1,0.985,0.0005,-561133.3,proportional_data
1033,100,20,1,1,16,0.95,0.5,0.1,0.985,0.001,-741054.8,proportional_data
1034,100,20,1,1,16,0.95,0.5,0.1,0.995,0.0005,-548698.4,proportional_data
1035,100,20,1,1,16,0.95,0.5,0.1,0.995,0.001,-751684.5,proportional_data
1036,100,20,1,1,16,0.95,0.5,0.001,0.985,0.0005,-669202.8999999999,proportional_data
1037,100,20,1,1,16,0.95,0.5,0.001,0.985,0.001,-835814.1,proportional_data
1038,100,20,1,1,16,0.95,0.5,0.001,0.995,0.0005,-709050.9,proportional_data
1039,100,20,1,1,16,0.95,0.5,0.001,0.995,0.001,-784077.3999999999,proportional_data
1040,100,20,1,1,16,0.99,1,0.1,0.985,0.0005,-531116.1,proportional_data
1041,100,20,1,1,16,0.99,1,0.1,0.985,0.001,-836021.1,proportional_data
1042,100,20,1,1,16,0.99,1,0.1,0.995,0.0005,-580235.6000000001,proportional_data
1043,100,20,1,1,16,0.99,1,0.1,0.995,0.001,-660392.0,proportional_data
1044,100,20,1,1,16,0.99,1,0.001,0.985,0.0005,-552659.8,proportional_data
1045,100,20,1,1,16,0.99,1,0.001,0.985,0.001,-813360.7,proportional_data
1046,100,20,1,1,16,0.99,1,0.001,0.995,0.0005,-770715.6000000001,proportional_data
1047,100,20,1,1,16,0.99,1,0.001,0.995,0.001,-848771.6000000001,proportional_data
1048,100,20,1,1,16,0.99,0.5,0.1,0.985,0.0005,-560997.4,proportional_data
1049,100,20,1,1,16,0.99,0.5,0.1,0.985,0.001,-922731.0,proportional_data
1050,100,20,1,1,16,0.99,0.5,0.1,0.995,0.0005,-551607.7999999999,proportional_data
1051,100,20,1,1,16,0.99,0.5,0.1,0.995,0.001,-1067189.4,proportional_data
1052,100,20,1,1,16,0.99,0.5,0.001,0.985,0.0005,-725053.7,proportional_data
1053,100,20,1,1,16,0.99,0.5,0.001,0.985,0.001,-739527.3,proportional_data
1054,100,20,1,1,16,0.99,0.5,0.001,0.995,0.0005,-562708.6,proportional_data
1055,100,20,1,1,16,0.99,0.5,0.001,0.995,0.001,-904530.4999999999,proportional_data
1056,100,20,1,1,32,0.9,1,0.1,0.985,0.0005,-541573.3999999999,proportional_data
1057,100,20,1,1,32,0.9,1,0.1,0.985,0.001,-576593.0,proportional_data
1058,100,20,1,1,32,0.9,1,0.1,0.995,0.0005,-547425.0,proportional_data
1059,100,20,1,1,32,0.9,1,0.1,0.995,0.001,-766866.8999999999,proportional_data
1060,100,20,1,1,32,0.9,1,0.001,0.985,0.0005,-554011.0,proportional_data
1061,100,20,1,1,32,0.9,1,0.001,0.985,0.001,-569542.6,proportional_data
1062,100,20,1,1,32,0.9,1,0.001,0.995,0.0005,-543630.6,proportional_data
1063,100,20,1,1,32,0.9,1,0.001,0.995,0.001,-770273.3,proportional_data
1064,100,20,1,1,32,0.9,0.5,0.1,0.985,0.0005,-534393.7,proportional_data
1065,100,20,1,1,32,0.9,0.5,0.1,0.985,0.001,-581772.0,proportional_data
1066,100,20,1,1,32,0.9,0.5,0.1,0.995,0.0005,-546009.5,proportional_data
1067,100,20,1,1,32,0.9,0.5,0.1,0.995,0.001,-782788.6,proportional_data
1068,100,20,1,1,32,0.9,0.5,0.001,0.985,0.0005,-538133.5,proportional_data
1069,100,20,1,1,32,0.9,0.5,0.001,0.985,0.001,-581601.7,proportional_data
1070,100,20,1,1,32,0.9,0.5,0.001,0.995,0.0005,-547964.2,proportional_data
1071,100,20,1,1,32,0.9,0.5,0.001,0.995,0.001,-784228.8,proportional_data
1072,100,20,1,1,32,0.95,1,0.1,0.985,0.0005,-611650.8,proportional_data
1073,100,20,1,1,32,0.95,1,0.1,0.985,0.001,-571564.4,proportional_data
1074,100,20,1,1,32,0.95,1,0.1,0.995,0.0005,-582900.1000000001,proportional_data
1075,100,20,1,1,32,0.95,1,0.1,0.995,0.001,-673790.8,proportional_data
1076,100,20,1,1,32,0.95,1,0.001,0.985,0.0005,-637000.7,proportional_data
1077,100,20,1,1,32,0.95,1,0.001,0.985,0.001,-577202.8,proportional_data
1078,100,20,1,1,32,0.95,1,0.001,0.995,0.0005,-564547.2,proportional_data
1079,100,20,1,1,32,0.95,1,0.001,0.995,0.001,-693772.4,proportional_data
1080,100,20,1,1,32,0.95,0.5,0.1,0.985,0.0005,-534897.5,proportional_data
1081,100,20,1,1,32,0.95,0.5,0.1,0.985,0.001,-571160.8,proportional_data
1082,100,20,1,1,32,0.95,0.5,0.1,0.995,0.0005,-528944.5,proportional_data
1083,100,20,1,1,32,0.95,0.5,0.1,0.995,0.001,-1021717.3000000002,proportional_data
1084,100,20,1,1,32,0.95,0.5,0.001,0.985,0.0005,-635229.0,proportional_data
1085,100,20,1,1,32,0.95,0.5,0.001,0.985,0.001,-576951.8,proportional_data
1086,100,20,1,1,32,0.95,0.5,0.001,0.995,0.0005,-539096.8,proportional_data
1087,100,20,1,1,32,0.95,0.5,0.001,0.995,0.001,-720977.3,proportional_data
1088,100,20,1,1,32,0.99,1,0.1,0.985,0.0005,-574961.4,proportional_data
1089,100,20,1,1,32,0.99,1,0.1,0.985,0.001,-571900.0,proportional_data
1090,100,20,1,1,32,0.99,1,0.1,0.995,0.0005,-563825.4,proportional_data
1091,100,20,1,1,32,0.99,1,0.1,0.995,0.001,-716448.3999999999,proportional_data
1092,100,20,1,1,32,0.99,1,0.001,0.985,0.0005,-682901.0,proportional_data
1093,100,20,1,1,32,0.99,1,0.001,0.985,0.001,-542957.9,proportional_data
1094,100,20,1,1,32,0.99,1,0.001,0.995,0.0005,-631553.5,proportional_data
1095,100,20,1,1,32,0.99,1,0.001,0.995,0.001,-819899.2999999999,proportional_data
1096,100,20,1,1,32,0.99,0.5,0.1,0.985,0.0005,-546951.0,proportional_data
1097,100,20,1,1,32,0.99,0.5,0.1,0.985,0.001,-534665.1,proportional_data
1098,100,20,1,1,32,0.99,0.5,0.1,0.995,0.0005,-673462.8,proportional_data
1099,100,20,1,1,32,0.99,0.5,0.1,0.995,0.001,-977503.5,proportional_data
1100,100,20,1,1,32,0.99,0.5,0.001,0.985,0.0005,-540278.7,proportional_data
1101,100,20,1,1,32,0.99,0.5,0.001,0.985,0.001,-536261.3999999999,proportional_data
1102,100,20,1,1,32,0.99,0.5,0.001,0.995,0.0005,-540676.9,proportional_data
1103,100,20,1,1,32,0.99,0.5,0.001,0.995,0.001,-1028436.9,proportional_data
1104,100,20,1,1,64,0.9,1,0.1,0.985,0.0005,-534068.8,proportional_data
1105,100,20,1,1,64,0.9,1,0.1,0.985,0.001,-535043.8999999999,proportional_data
1106,100,20,1,1,64,0.9,1,0.1,0.995,0.0005,-533350.7,proportional_data
1107,100,20,1,1,64,0.9,1,0.1,0.995,0.001,-581485.0,proportional_data
1108,100,20,1,1,64,0.9,1,0.001,0.985,0.0005,-543833.4,proportional_data
1109,100,20,1,1,64,0.9,1,0.001,0.985,0.001,-574550.8,proportional_data
1110,100,20,1,1,64,0.9,1,0.001,0.995,0.0005,-541945.7,proportional_data
1111,100,20,1,1,64,0.9,1,0.001,0.995,0.001,-571916.6,proportional_data
1112,100,20,1,1,64,0.9,0.5,0.1,0.985,0.0005,-535892.8,proportional_data
1113,100,20,1,1,64,0.9,0.5,0.1,0.985,0.001,-534865.3,proportional_data
1114,100,20,1,1,64,0.9,0.5,0.1,0.995,0.0005,-579186.8,proportional_data
1115,100,20,1,1,64,0.9,0.5,0.1,0.995,0.001,-576843.3,proportional_data
1116,100,20,1,1,64,0.9,0.5,0.001,0.985,0.0005,-535979.7,proportional_data
1117,100,20,1,1,64,0.9,0.5,0.001,0.985,0.001,-537285.5,proportional_data
1118,100,20,1,1,64,0.9,0.5,0.001,0.995,0.0005,-553163.9,proportional_data
1119,100,20,1,1,64,0.9,0.5,0.001,0.995,0.001,-536840.0,proportional_data
1120,100,20,1,1,64,0.95,1,0.1,0.985,0.0005,-539796.0,proportional_data
1121,100,20,1,1,64,0.95,1,0.1,0.985,0.001,-534685.3,proportional_data
1122,100,20,1,1,64,0.95,1,0.1,0.995,0.0005,-539386.2,proportional_data
1123,100,20,1,1,64,0.95,1,0.1,0.995,0.001,-535037.2,proportional_data
1124,100,20,1,1,64,0.95,1,0.001,0.985,0.0005,-545955.2999999999,proportional_data
1125,100,20,1,1,64,0.95,1,0.001,0.985,0.001,-549891.5,proportional_data
1126,100,20,1,1,64,0.95,1,0.001,0.995,0.0005,-585837.7,proportional_data
1127,100,20,1,1,64,0.95,1,0.001,0.995,0.001,-535391.7,proportional_data
1128,100,20,1,1,64,0.95,0.5,0.1,0.985,0.0005,-540015.0,proportional_data
1129,100,20,1,1,64,0.95,0.5,0.1,0.985,0.001,-539469.6,proportional_data
1130,100,20,1,1,64,0.95,0.5,0.1,0.995,0.0005,-639960.5,proportional_data
1131,100,20,1,1,64,0.95,0.5,0.1,0.995,0.001,-699511.2,proportional_data
1132,100,20,1,1,64,0.95,0.5,0.001,0.985,0.0005,-530570.5,proportional_data
1133,100,20,1,1,64,0.95,0.5,0.001,0.985,0.001,-576926.6,proportional_data
1134,100,20,1,1,64,0.95,0.5,0.001,0.995,0.0005,-542492.9,proportional_data
1135,100,20,1,1,64,0.95,0.5,0.001,0.995,0.001,-829511.2000000001,proportional_data
1136,100,20,1,1,64,0.99,1,0.1,0.985,0.0005,-575461.4,proportional_data
1137,100,20,1,1,64,0.99,1,0.1,0.985,0.001,-581762.7,proportional_data
1138,100,20,1,1,64,0.99,1,0.1,0.995,0.0005,-588788.9,proportional_data
1139,100,20,1,1,64,0.99,1,0.1,0.995,0.001,-580423.3999999999,proportional_data
1140,100,20,1,1,64,0.99,1,0.001,0.985,0.0005,-581884.4,proportional_data
1141,100,20,1,1,64,0.99,1,0.001,0.985,0.001,-572221.0,proportional_data
1142,100,20,1,1,64,0.99,1,0.001,0.995,0.0005,-595739.9,proportional_data
1143,100,20,1,1,64,0.99,1,0.001,0.995,0.001,-533580.8,proportional_data
1144,100,20,1,1,64,0.99,0.5,0.1,0.985,0.0005,-578086.9,proportional_data
1145,100,20,1,1,64,0.99,0.5,0.1,0.985,0.001,-577309.4,proportional_data
1146,100,20,1,1,64,0.99,0.5,0.1,0.995,0.0005,-572584.4,proportional_data
1147,100,20,1,1,64,0.99,0.5,0.1,0.995,0.001,-536886.6,proportional_data
1148,100,20,1,1,64,0.99,0.5,0.001,0.985,0.0005,-519507.60000000003,proportional_data
1149,100,20,1,1,64,0.99,0.5,0.001,0.985,0.001,-534326.7,proportional_data
1150,100,20,1,1,64,0.99,0.5,0.001,0.995,0.0005,-552575.2000000001,proportional_data
1151,100,20,1,1,64,0.99,0.5,0.001,0.995,0.001,-538482.8,proportional_data
1152,100,50,1,1,16,0.9,1,0.1,0.985,0.0005,-3477482.1999999997,proportional_data
1153,100,50,1,1,16,0.9,1,0.1,0.985,0.001,-3774915.0,proportional_data
1154,100,50,1,1,16,0.9,1,0.1,0.995,0.0005,-2907614.6999999997,proportional_data
1155,100,50,1,1,16,0.9,1,0.1,0.995,0.001,-3532315.6999999997,proportional_data
1156,100,50,1,1,16,0.9,1,0.001,0.985,0.0005,-3815852.2,proportional_data
1157,100,50,1,1,16,0.9,1,0.001,0.985,0.001,-3538609.0,proportional_data
1158,100,50,1,1,16,0.9,1,0.001,0.995,0.0005,-3128009.1000000006,proportional_data
1159,100,50,1,1,16,0.9,1,0.001,0.995,0.001,-3558295.8000000003,proportional_data
1160,100,50,1,1,16,0.9,0.5,0.1,0.985,0.0005,-3421324.9999999995,proportional_data
1161,100,50,1,1,16,0.9,0.5,0.1,0.985,0.001,-3187990.8,proportional_data
1162,100,50,1,1,16,0.9,0.5,0.1,0.995,0.0005,-2967409.8000000003,proportional_data
1163,100,50,1,1,16,0.9,0.5,0.1,0.995,0.001,-3418893.0000000005,proportional_data
1164,100,50,1,1,16,0.9,0.5,0.001,0.985,0.0005,-3298586.0000000005,proportional_data
1165,100,50,1,1,16,0.9,0.5,0.001,0.985,0.001,-3441426.8000000003,proportional_data
1166,100,50,1,1,16,0.9,0.5,0.001,0.995,0.0005,-3330009.0,proportional_data
1167,100,50,1,1,16,0.9,0.5,0.001,0.995,0.001,-3307436.0000000005,proportional_data
1168,100,50,1,1,16,0.95,1,0.1,0.985,0.0005,-3414961.9000000004,proportional_data
1169,100,50,1,1,16,0.95,1,0.1,0.985,0.001,-2957022.6999999997,proportional_data
1170,100,50,1,1,16,0.95,1,0.1,0.995,0.0005,-3119617.7,proportional_data
1171,100,50,1,1,16,0.95,1,0.1,0.995,0.001,-3115726.9000000004,proportional_data
1172,100,50,1,1,16,0.95,1,0.001,0.985,0.0005,-3814644.3,proportional_data
1173,100,50,1,1,16,0.95,1,0.001,0.985,0.001,-3215121.3,proportional_data
1174,100,50,1,1,16,0.95,1,0.001,0.995,0.0005,-3023531.099999999,proportional_data
1175,100,50,1,1,16,0.95,1,0.001,0.995,0.001,-4160910.8,proportional_data
1176,100,50,1,1,16,0.95,0.5,0.1,0.985,0.0005,-3895636.0999999996,proportional_data
1177,100,50,1,1,16,0.95,0.5,0.1,0.985,0.001,-3276609.9000000004,proportional_data
1178,100,50,1,1,16,0.95,0.5,0.1,0.995,0.0005,-4013066.7000000007,proportional_data
1179,100,50,1,1,16,0.95,0.5,0.1,0.995,0.001,-3069797.8,proportional_data
1180,100,50,1,1,16,0.95,0.5,0.001,0.985,0.0005,-3164834.6,proportional_data
1181,100,50,1,1,16,0.95,0.5,0.001,0.985,0.001,-3121345.7,proportional_data
1182,100,50,1,1,16,0.95,0.5,0.001,0.995,0.0005,-3229545.4000000004,proportional_data
1183,100,50,1,1,16,0.95,0.5,0.001,0.995,0.001,-3391134.1999999997,proportional_data
1184,100,50,1,1,16,0.99,1,0.1,0.985,0.0005,-3482659.900000001,proportional_data
1185,100,50,1,1,16,0.99,1,0.1,0.985,0.001,-3943557.7000000007,proportional_data
1186,100,50,1,1,16,0.99,1,0.1,0.995,0.0005,-3895622.8,proportional_data
1187,100,50,1,1,16,0.99,1,0.1,0.995,0.001,-3516177.8,proportional_data
1188,100,50,1,1,16,0.99,1,0.001,0.985,0.0005,-3179510.2,proportional_data
1189,100,50,1,1,16,0.99,1,0.001,0.985,0.001,-3462207.6999999997,proportional_data
1190,100,50,1,1,16,0.99,1,0.001,0.995,0.0005,-3763281.1999999997,proportional_data
1191,100,50,1,1,16,0.99,1,0.001,0.995,0.001,-3454318.6000000006,proportional_data
1192,100,50,1,1,16,0.99,0.5,0.1,0.985,0.0005,-3171848.7,proportional_data
1193,100,50,1,1,16,0.99,0.5,0.1,0.985,0.001,-3610016.899999999,proportional_data
1194,100,50,1,1,16,0.99,0.5,0.1,0.995,0.0005,-3873310.4000000004,proportional_data
1195,100,50,1,1,16,0.99,0.5,0.1,0.995,0.001,-3327941.6,proportional_data
1196,100,50,1,1,16,0.99,0.5,0.001,0.985,0.0005,-2968242.2,proportional_data
1197,100,50,1,1,16,0.99,0.5,0.001,0.985,0.001,-3014298.7,proportional_data
1198,100,50,1,1,16,0.99,0.5,0.001,0.995,0.0005,-3659259.5,proportional_data
1199,100,50,1,1,16,0.99,0.5,0.001,0.995,0.001,-2760375.9000000004,proportional_data
1200,100,50,1,1,32,0.9,1,0.1,0.985,0.0005,-3367355.1000000006,proportional_data
1201,100,50,1,1,32,0.9,1,0.1,0.985,0.001,-3888601.8,proportional_data
1202,100,50,1,1,32,0.9,1,0.1,0.995,0.0005,-2984783.1,proportional_data
1203,100,50,1,1,32,0.9,1,0.1,0.995,0.001,-3292594.4000000004,proportional_data
1204,100,50,1,1,32,0.9,1,0.001,0.985,0.0005,-3240621.5,proportional_data
1205,100,50,1,1,32,0.9,1,0.001,0.985,0.001,-3420084.0000000005,proportional_data
1206,100,50,1,1,32,0.9,1,0.001,0.995,0.0005,-3575631.0000000005,proportional_data
1207,100,50,1,1,32,0.9,1,0.001,0.995,0.001,-3043980.6000000006,proportional_data
1208,100,50,1,1,32,0.9,0.5,0.1,0.985,0.0005,-2972477.9999999995,proportional_data
1209,100,50,1,1,32,0.9,0.5,0.1,0.985,0.001,-3562639.5,proportional_data
1210,100,50,1,1,32,0.9,0.5,0.1,0.995,0.0005,-3120807.2000000007,proportional_data
1211,100,50,1,1,32,0.9,0.5,0.1,0.995,0.001,-3178544.1999999997,proportional_data
1212,100,50,1,1,32,0.9,0.5,0.001,0.985,0.0005,-3437205.4999999995,proportional_data
1213,100,50,1,1,32,0.9,0.5,0.001,0.985,0.001,-3479803.8999999994,proportional_data
1214,100,50,1,1,32,0.9,0.5,0.001,0.995,0.0005,-3683369.0,proportional_data
1215,100,50,1,1,32,0.9,0.5,0.001,0.995,0.001,-3603870.3000000003,proportional_data
1216,100,50,1,1,32,0.95,1,0.1,0.985,0.0005,-3110537.9000000004,proportional_data
1217,100,50,1,1,32,0.95,1,0.1,0.985,0.001,-3358885.5999999996,proportional_data
1218,100,50,1,1,32,0.95,1,0.1,0.995,0.0005,-3381949.8,proportional_data
1219,100,50,1,1,32,0.95,1,0.1,0.995,0.001,-3086660.0,proportional_data
1220,100,50,1,1,32,0.95,1,0.001,0.985,0.0005,-3407739.7,proportional_data
1221,100,50,1,1,32,0.95,1,0.001,0.985,0.001,-2762077.4999999995,proportional_data
1222,100,50,1,1,32,0.95,1,0.001,0.995,0.0005,-3396689.0999999996,proportional_data
1223,100,50,1,1,32,0.95,1,0.001,0.995,0.001,-3769536.3,proportional_data
1224,100,50,1,1,32,0.95,0.5,0.1,0.985,0.0005,-2987061.1999999997,proportional_data
1225,100,50,1,1,32,0.95,0.5,0.1,0.985,0.001,-3474848.5,proportional_data
1226,100,50,1,1,32,0.95,0.5,0.1,0.995,0.0005,-3059130.900000001,proportional_data
1227,100,50,1,1,32,0.95,0.5,0.1,0.995,0.001,-3494793.3000000007,proportional_data
1228,100,50,1,1,32,0.95,0.5,0.001,0.985,0.0005,-3330622.7,proportional_data
1229,100,50,1,1,32,0.95,0.5,0.001,0.985,0.001,-3150305.8999999994,proportional_data
1230,100,50,1,1,32,0.95,0.5,0.001,0.995,0.0005,-3193981.2,proportional_data
1231,100,50,1,1,32,0.95,0.5,0.001,0.995,0.001,-3611428.0,proportional_data
1232,100,50,1,1,32,0.99,1,0.1,0.985,0.0005,-3531767.9,proportional_data
1233,100,50,1,1,32,0.99,1,0.1,0.985,0.001,-3771281.0000000005,proportional_data
1234,100,50,1,1,32,0.99,1,0.1,0.995,0.0005,-3273906.8999999994,proportional_data
1235,100,50,1,1,32,0.99,1,0.1,0.995,0.001,-2845266.6000000006,proportional_data
1236,100,50,1,1,32,0.99,1,0.001,0.985,0.0005,-3190262.1,proportional_data
1237,100,50,1,1,32,0.99,1,0.001,0.985,0.001,-3411824.3,proportional_data
1238,100,50,1,1,32,0.99,1,0.001,0.995,0.0005,-2817341.5,proportional_data
1239,100,50,1,1,32,0.99,1,0.001,0.995,0.001,-3353849.8,proportional_data
1240,100,50,1,1,32,0.99,0.5,0.1,0.985,0.0005,-2937768.5,proportional_data
1241,100,50,1,1,32,0.99,0.5,0.1,0.985,0.001,-3299608.5,proportional_data
1242,100,50,1,1,32,0.99,0.5,0.1,0.995,0.0005,-3765814.1000000006,proportional_data
1243,100,50,1,1,32,0.99,0.5,0.1,0.995,0.001,-3387810.5000000005,proportional_data
1244,100,50,1,1,32,0.99,0.5,0.001,0.985,0.0005,-3088618.0999999996,proportional_data
1245,100,50,1,1,32,0.99,0.5,0.001,0.985,0.001,-3301491.6999999997,proportional_data
1246,100,50,1,1,32,0.99,0.5,0.001,0.995,0.0005,-3115833.3999999994,proportional_data
1247,100,50,1,1,32,0.99,0.5,0.001,0.995,0.001,-3273136.9,proportional_data
1248,100,50,1,1,64,0.9,1,0.1,0.985,0.0005,-3122912.7,proportional_data
1249,100,50,1,1,64,0.9,1,0.1,0.985,0.001,-3308464.9999999995,proportional_data
1250,100,50,1,1,64,0.9,1,0.1,0.995,0.0005,-3277330.0,proportional_data
1251,100,50,1,1,64,0.9,1,0.1,0.995,0.001,-3739217.5,proportional_data
1252,100,50,1,1,64,0.9,1,0.001,0.985,0.0005,-3599683.0,proportional_data
1253,100,50,1,1,64,0.9,1,0.001,0.985,0.001,-3432154.3000000003,proportional_data
1254,100,50,1,1,64,0.9,1,0.001,0.995,0.0005,-3414770.5,proportional_data
1255,100,50,1,1,64,0.9,1,0.001,0.995,0.001,-3868979.6999999997,proportional_data
1256,100,50,1,1,64,0.9,0.5,0.1,0.985,0.0005,-3047772.4000000004,proportional_data
1257,100,50,1,1,64,0.9,0.5,0.1,0.985,0.001,-3536893.3,proportional_data
1258,100,50,1,1,64,0.9,0.5,0.1,0.995,0.0005,-3255055.4,proportional_data
1259,100,50,1,1,64,0.9,0.5,0.1,0.995,0.001,-3434180.9,proportional_data
1260,100,50,1,1,64,0.9,0.5,0.001,0.985,0.0005,-3158150.0999999996,proportional_data
1261,100,50,1,1,64,0.9,0.5,0.001,0.985,0.001,-2969660.5999999996,proportional_data
1262,100,50,1,1,64,0.9,0.5,0.001,0.995,0.0005,-2996506.6,proportional_data
1263,100,50,1,1,64,0.9,0.5,0.001,0.995,0.001,-3299992.9,proportional_data
1264,100,50,1,1,64,0.95,1,0.1,0.985,0.0005,-3148587.2,proportional_data
1265,100,50,1,1,64,0.95,1,0.1,0.985,0.001,-3200819.9,proportional_data
1266,100,50,1,1,64,0.95,1,0.1,0.995,0.0005,-3642078.8000000007,proportional_data
1267,100,50,1,1,64,0.95,1,0.1,0.995,0.001,-3484936.1,proportional_data
1268,100,50,1,1,64,0.95,1,0.001,0.985,0.0005,-3140050.5,proportional_data
1269,100,50,1,1,64,0.95,1,0.001,0.985,0.001,-3298828.3,proportional_data
1270,100,50,1,1,64,0.95,1,0.001,0.995,0.0005,-3078268.1999999997,proportional_data
1271,100,50,1,1,64,0.95,1,0.001,0.995,0.001,-3108727.1999999997,proportional_data
1272,100,50,1,1,64,0.95,0.5,0.1,0.985,0.0005,-3328726.900000001,proportional_data
1273,100,50,1,1,64,0.95,0.5,0.1,0.985,0.001,-3940684.0,proportional_data
1274,100,50,1,1,64,0.95,0.5,0.1,0.995,0.0005,-3478598.5,proportional_data
1275,100,50,1,1,64,0.95,0.5,0.1,0.995,0.001,-3291380.5,proportional_data
1276,100,50,1,1,64,0.95,0.5,0.001,0.985,0.0005,-3465787.2,proportional_data
1277,100,50,1,1,64,0.95,0.5,0.001,0.985,0.001,-3395611.1999999997,proportional_data
1278,100,50,1,1,64,0.95,0.5,0.001,0.995,0.0005,-3056090.3,proportional_data
1279,100,50,1,1,64,0.95,0.5,0.001,0.995,0.001,-3617732.8999999994,proportional_data
1280,100,50,1,1,64,0.99,1,0.1,0.985,0.0005,-3521096.9000000004,proportional_data
1281,100,50,1,1,64,0.99,1,0.1,0.985,0.001,-4053515.9,proportional_data
1282,100,50,1,1,64,0.99,1,0.1,0.995,0.0005,-3515178.5000000005,proportional_data
1283,100,50,1,1,64,0.99,1,0.1,0.995,0.001,-3624804.5,proportional_data
1284,100,50,1,1,64,0.99,1,0.001,0.985,0.0005,-3303722.8000000003,proportional_data
1285,100,50,1,1,64,0.99,1,0.001,0.985,0.001,-3636391.9,proportional_data
1286,100,50,1,1,64,0.99,1,0.001,0.995,0.0005,-3217465.1000000006,proportional_data
1287,100,50,1,1,64,0.99,1,0.001,0.995,0.001,-3508267.3,proportional_data
1288,100,50,1,1,64,0.99,0.5,0.1,0.985,0.0005,-3292394.7,proportional_data
1289,100,50,1,1,64,0.99,0.5,0.1,0.985,0.001,-3455696.3,proportional_data
1290,100,50,1,1,64,0.99,0.5,0.1,0.995,0.0005,-3529919.6,proportional_data
1291,100,50,1,1,64,0.99,0.5,0.1,0.995,0.001,-3863731.1000000006,proportional_data
1292,100,50,1,1,64,0.99,0.5,0.001,0.985,0.0005,-2707514.9999999995,proportional_data
1293,100,50,1,1,64,0.99,0.5,0.001,0.985,0.001,-3376327.2,proportional_data
1294,100,50,1,1,64,0.99,0.5,0.001,0.995,0.0005,-3285409.4000000004,proportional_data
1295,100,50,1,1,64,0.99,0.5,0.001,0.995,0.001,-3448002.0999999996,proportional_data
