,candidates,jobs,data_seed,dqn_seed,batch_size,gamma,epsilon,epsilon_min,epsilon_decay,learning_rate,total_reward,allocation
0,100,10,1,1,16,0.9,1,0.1,0.985,0.0005,-116568,"   Woman  Man
0      1    7"
1,100,10,1,1,16,0.9,1,0.1,0.985,0.001,-101572,"   Woman  Man
0      0    7"
2,100,10,1,1,16,0.9,1,0.1,0.995,0.0005,-111568,"   Woman  Man
0      0    8"
3,100,10,1,1,16,0.9,1,0.1,0.995,0.001,-101572,"   Woman  Man
0      0    7"
4,100,10,1,1,16,0.9,1,0.001,0.985,0.0005,-101572,"   Woman  Man
0      0    7"
5,100,10,1,1,16,0.9,1,0.001,0.985,0.001,-101572,"   Woman  Man
0      0    7"
6,100,10,1,1,16,0.9,1,0.001,0.995,0.0005,-111568,"   Woman  Man
0      0    8"
7,100,10,1,1,16,0.9,1,0.001,0.995,0.001,-101572,"   Woman  Man
0      0    7"
8,100,10,1,1,16,0.9,0.5,0.1,0.985,0.0005,-101572,"   Woman  Man
0      0    7"
9,100,10,1,1,16,0.9,0.5,0.1,0.985,0.001,-111568,"   Woman  Man
0      0    8"
10,100,10,1,1,16,0.9,0.5,0.1,0.995,0.0005,-111568,"   Woman  Man
0      0    8"
11,100,10,1,1,16,0.9,0.5,0.1,0.995,0.001,-101572,"   Woman  Man
0      0    7"
12,100,10,1,1,16,0.9,0.5,0.001,0.985,0.0005,-111568,"   Woman  Man
0      0    8"
13,100,10,1,1,16,0.9,0.5,0.001,0.985,0.001,-101572,"   Woman  Man
0      0    7"
14,100,10,1,1,16,0.9,0.5,0.001,0.995,0.0005,-111568,"   Woman  Man
0      0    8"
15,100,10,1,1,16,0.9,0.5,0.001,0.995,0.001,-101572,"   Woman  Man
0      0    7"
16,100,10,1,1,16,0.95,1,0.1,0.985,0.0005,-106572,"   Woman  Man
0      1    6"
17,100,10,1,1,16,0.95,1,0.1,0.985,0.001,-101572,"   Woman  Man
0      0    7"
18,100,10,1,1,16,0.95,1,0.1,0.995,0.0005,-101572,"   Woman  Man
0      0    7"
19,100,10,1,1,16,0.95,1,0.1,0.995,0.001,-105072,"   Woman  Man
0      0    7"
20,100,10,1,1,16,0.95,1,0.001,0.985,0.0005,-101572,"   Woman  Man
0      0    7"
21,100,10,1,1,16,0.95,1,0.001,0.985,0.001,-101572,"   Woman  Man
0      0    7"
22,100,10,1,1,16,0.95,1,0.001,0.995,0.0005,-115268,"   Woman  Man
0      0    7"
23,100,10,1,1,16,0.95,1,0.001,0.995,0.001,-111568,"   Woman  Man
0      0    8"
24,100,10,1,1,16,0.95,0.5,0.1,0.985,0.0005,-111568,"   Woman  Man
0      0    8"
25,100,10,1,1,16,0.95,0.5,0.1,0.985,0.001,-101572,"   Woman  Man
0      0    7"
26,100,10,1,1,16,0.95,0.5,0.1,0.995,0.0005,-111568,"   Woman  Man
0      0    8"
27,100,10,1,1,16,0.95,0.5,0.1,0.995,0.001,-101572,"   Woman  Man
0      0    7"
28,100,10,1,1,16,0.95,0.5,0.001,0.985,0.0005,-111568,"   Woman  Man
0      0    8"
29,100,10,1,1,16,0.95,0.5,0.001,0.985,0.001,-101572,"   Woman  Man
0      0    7"
30,100,10,1,1,16,0.95,0.5,0.001,0.995,0.0005,-131568,"   Woman  Man
0      1    7"
31,100,10,1,1,16,0.95,0.5,0.001,0.995,0.001,-101572,"   Woman  Man
0      0    7"
32,100,10,1,1,16,0.99,1,0.1,0.985,0.0005,-101572,"   Woman  Man
0      0    7"
33,100,10,1,1,16,0.99,1,0.1,0.985,0.001,-101572,"   Woman  Man
0      0    7"
34,100,10,1,1,16,0.99,1,0.1,0.995,0.0005,-116568,"   Woman  Man
0      1    7"
35,100,10,1,1,16,0.99,1,0.1,0.995,0.001,-101572,"   Woman  Man
0      0    7"
36,100,10,1,1,16,0.99,1,0.001,0.985,0.0005,-138526,"   Woman  Man
0      0    7"
37,100,10,1,1,16,0.99,1,0.001,0.985,0.001,-101572,"   Woman  Man
0      0    7"
38,100,10,1,1,16,0.99,1,0.001,0.995,0.0005,-111568,"   Woman  Man
0      0    8"
39,100,10,1,1,16,0.99,1,0.001,0.995,0.001,-101572,"   Woman  Man
0      0    7"
40,100,10,1,1,16,0.99,0.5,0.1,0.985,0.0005,-111568,"   Woman  Man
0      0    8"
41,100,10,1,1,16,0.99,0.5,0.1,0.985,0.001,-101572,"   Woman  Man
0      0    7"
42,100,10,1,1,16,0.99,0.5,0.1,0.995,0.0005,-111568,"   Woman  Man
0      0    8"
43,100,10,1,1,16,0.99,0.5,0.1,0.995,0.001,-101572,"   Woman  Man
0      0    7"
44,100,10,1,1,16,0.99,0.5,0.001,0.985,0.0005,-111568,"   Woman  Man
0      0    8"
45,100,10,1,1,16,0.99,0.5,0.001,0.985,0.001,-111568,"   Woman  Man
0      0    8"
46,100,10,1,1,16,0.99,0.5,0.001,0.995,0.0005,-111568,"   Woman  Man
0      0    8"
47,100,10,1,1,16,0.99,0.5,0.001,0.995,0.001,-101572,"   Woman  Man
0      0    7"
48,100,10,1,1,32,0.9,1,0.1,0.985,0.0005,-111568,"   Woman  Man
0      0    8"
49,100,10,1,1,32,0.9,1,0.1,0.985,0.001,-101572,"   Woman  Man
0      0    7"
50,100,10,1,1,32,0.9,1,0.1,0.995,0.0005,-111568,"   Woman  Man
0      0    8"
51,100,10,1,1,32,0.9,1,0.1,0.995,0.001,-101572,"   Woman  Man
0      0    7"
52,100,10,1,1,32,0.9,1,0.001,0.985,0.0005,-111568,"   Woman  Man
0      0    8"
53,100,10,1,1,32,0.9,1,0.001,0.985,0.001,-105572,"   Woman  Man
0      1    6"
54,100,10,1,1,32,0.9,1,0.001,0.995,0.0005,-105072,"   Woman  Man
0      0    7"
55,100,10,1,1,32,0.9,1,0.001,0.995,0.001,-101572,"   Woman  Man
0      0    7"
56,100,10,1,1,32,0.9,0.5,0.1,0.985,0.0005,-101572,"   Woman  Man
0      0    7"
57,100,10,1,1,32,0.9,0.5,0.1,0.985,0.001,-111568,"   Woman  Man
0      0    8"
58,100,10,1,1,32,0.9,0.5,0.1,0.995,0.0005,-101572,"   Woman  Man
0      0    7"
59,100,10,1,1,32,0.9,0.5,0.1,0.995,0.001,-111568,"   Woman  Man
0      0    8"
60,100,10,1,1,32,0.9,0.5,0.001,0.985,0.0005,-101572,"   Woman  Man
0      0    7"
61,100,10,1,1,32,0.9,0.5,0.001,0.985,0.001,-101572,"   Woman  Man
0      0    7"
62,100,10,1,1,32,0.9,0.5,0.001,0.995,0.0005,-111568,"   Woman  Man
0      0    8"
63,100,10,1,1,32,0.9,0.5,0.001,0.995,0.001,-101572,"   Woman  Man
0      0    7"
64,100,10,1,1,32,0.95,1,0.1,0.985,0.0005,-111432,"   Woman  Man
0      1    6"
65,100,10,1,1,32,0.95,1,0.1,0.985,0.001,-105572,"   Woman  Man
0      1    6"
66,100,10,1,1,32,0.95,1,0.1,0.995,0.0005,-115568,"   Woman  Man
0      1    7"
67,100,10,1,1,32,0.95,1,0.1,0.995,0.001,-101572,"   Woman  Man
0      0    7"
68,100,10,1,1,32,0.95,1,0.001,0.985,0.0005,-105072,"   Woman  Man
0      0    7"
69,100,10,1,1,32,0.95,1,0.001,0.985,0.001,-105572,"   Woman  Man
0      1    6"
70,100,10,1,1,32,0.95,1,0.001,0.995,0.0005,-111568,"   Woman  Man
0      0    8"
71,100,10,1,1,32,0.95,1,0.001,0.995,0.001,-101572,"   Woman  Man
0      0    7"
72,100,10,1,1,32,0.95,0.5,0.1,0.985,0.0005,-101572,"   Woman  Man
0      0    7"
73,100,10,1,1,32,0.95,0.5,0.1,0.985,0.001,-101572,"   Woman  Man
0      0    7"
74,100,10,1,1,32,0.95,0.5,0.1,0.995,0.0005,-101572,"   Woman  Man
0      0    7"
75,100,10,1,1,32,0.95,0.5,0.1,0.995,0.001,-101572,"   Woman  Man
0      0    7"
76,100,10,1,1,32,0.95,0.5,0.001,0.985,0.0005,-111568,"   Woman  Man
0      0    8"
77,100,10,1,1,32,0.95,0.5,0.001,0.985,0.001,-101572,"   Woman  Man
0      0    7"
78,100,10,1,1,32,0.95,0.5,0.001,0.995,0.0005,-111568,"   Woman  Man
0      0    8"
79,100,10,1,1,32,0.95,0.5,0.001,0.995,0.001,-101572,"   Woman  Man
0      0    7"
80,100,10,1,1,32,0.99,1,0.1,0.985,0.0005,-137092,"   Woman  Man
0      2    5"
81,100,10,1,1,32,0.99,1,0.1,0.985,0.001,-105572,"   Woman  Man
0      1    6"
82,100,10,1,1,32,0.99,1,0.1,0.995,0.0005,-105072,"   Woman  Man
0      0    7"
83,100,10,1,1,32,0.99,1,0.1,0.995,0.001,-101572,"   Woman  Man
0      0    7"
84,100,10,1,1,32,0.99,1,0.001,0.985,0.0005,-111568,"   Woman  Man
0      0    8"
85,100,10,1,1,32,0.99,1,0.001,0.985,0.001,-105572,"   Woman  Man
0      1    6"
86,100,10,1,1,32,0.99,1,0.001,0.995,0.0005,-115268,"   Woman  Man
0      0    7"
87,100,10,1,1,32,0.99,1,0.001,0.995,0.001,-101572,"   Woman  Man
0      0    7"
88,100,10,1,1,32,0.99,0.5,0.1,0.985,0.0005,-151141,"   Woman  Man
0      1    7"
89,100,10,1,1,32,0.99,0.5,0.1,0.985,0.001,-101572,"   Woman  Man
0      0    7"
90,100,10,1,1,32,0.99,0.5,0.1,0.995,0.0005,-101572,"   Woman  Man
0      0    7"
91,100,10,1,1,32,0.99,0.5,0.1,0.995,0.001,-101572,"   Woman  Man
0      0    7"
92,100,10,1,1,32,0.99,0.5,0.001,0.985,0.0005,-111568,"   Woman  Man
0      0    8"
93,100,10,1,1,32,0.99,0.5,0.001,0.985,0.001,-101572,"   Woman  Man
0      0    7"
94,100,10,1,1,32,0.99,0.5,0.001,0.995,0.0005,-111568,"   Woman  Man
0      0    8"
95,100,10,1,1,32,0.99,0.5,0.001,0.995,0.001,-101572,"   Woman  Man
0      0    7"
96,100,10,1,1,64,0.9,1,0.1,0.985,0.0005,-101572,"   Woman  Man
0      0    7"
97,100,10,1,1,64,0.9,1,0.1,0.985,0.001,-101572,"   Woman  Man
0      0    7"
98,100,10,1,1,64,0.9,1,0.1,0.995,0.0005,-101572,"   Woman  Man
0      0    7"
99,100,10,1,1,64,0.9,1,0.1,0.995,0.001,-101572,"   Woman  Man
0      0    7"
100,100,10,1,1,64,0.9,1,0.001,0.985,0.0005,-111568,"   Woman  Man
0      0    8"
101,100,10,1,1,64,0.9,1,0.001,0.985,0.001,-101572,"   Woman  Man
0      0    7"
102,100,10,1,1,64,0.9,1,0.001,0.995,0.0005,-101572,"   Woman  Man
0      0    7"
103,100,10,1,1,64,0.9,1,0.001,0.995,0.001,-101572,"   Woman  Man
0      0    7"
104,100,10,1,1,64,0.9,0.5,0.1,0.985,0.0005,-111568,"   Woman  Man
0      0    8"
105,100,10,1,1,64,0.9,0.5,0.1,0.985,0.001,-101572,"   Woman  Man
0      0    7"
106,100,10,1,1,64,0.9,0.5,0.1,0.995,0.0005,-101572,"   Woman  Man
0      0    7"
107,100,10,1,1,64,0.9,0.5,0.1,0.995,0.001,-101572,"   Woman  Man
0      0    7"
108,100,10,1,1,64,0.9,0.5,0.001,0.985,0.0005,-101572,"   Woman  Man
0      0    7"
109,100,10,1,1,64,0.9,0.5,0.001,0.985,0.001,-101572,"   Woman  Man
0      0    7"
110,100,10,1,1,64,0.9,0.5,0.001,0.995,0.0005,-115268,"   Woman  Man
0      0    7"
111,100,10,1,1,64,0.9,0.5,0.001,0.995,0.001,-101572,"   Woman  Man
0      0    7"
112,100,10,1,1,64,0.95,1,0.1,0.985,0.0005,-101572,"   Woman  Man
0      0    7"
113,100,10,1,1,64,0.95,1,0.1,0.985,0.001,-105572,"   Woman  Man
0      1    6"
114,100,10,1,1,64,0.95,1,0.1,0.995,0.0005,-115268,"   Woman  Man
0      0    7"
115,100,10,1,1,64,0.95,1,0.1,0.995,0.001,-101572,"   Woman  Man
0      0    7"
116,100,10,1,1,64,0.95,1,0.001,0.985,0.0005,-101572,"   Woman  Man
0      0    7"
117,100,10,1,1,64,0.95,1,0.001,0.985,0.001,-101572,"   Woman  Man
0      0    7"
118,100,10,1,1,64,0.95,1,0.001,0.995,0.0005,-111568,"   Woman  Man
0      0    8"
119,100,10,1,1,64,0.95,1,0.001,0.995,0.001,-101572,"   Woman  Man
0      0    7"
120,100,10,1,1,64,0.95,0.5,0.1,0.985,0.0005,-111211,"   Woman  Man
0      1    6"
121,100,10,1,1,64,0.95,0.5,0.1,0.985,0.001,-101572,"   Woman  Man
0      0    7"
122,100,10,1,1,64,0.95,0.5,0.1,0.995,0.0005,-109072,"   Woman  Man
0      1    6"
123,100,10,1,1,64,0.95,0.5,0.1,0.995,0.001,-101572,"   Woman  Man
0      0    7"
124,100,10,1,1,64,0.95,0.5,0.001,0.985,0.0005,-101572,"   Woman  Man
0      0    7"
125,100,10,1,1,64,0.95,0.5,0.001,0.985,0.001,-101572,"   Woman  Man
0      0    7"
126,100,10,1,1,64,0.95,0.5,0.001,0.995,0.0005,-134826,"   Woman  Man
0      0    8"
127,100,10,1,1,64,0.95,0.5,0.001,0.995,0.001,-101572,"   Woman  Man
0      0    7"
128,100,10,1,1,64,0.99,1,0.1,0.985,0.0005,-101572,"   Woman  Man
0      0    7"
129,100,10,1,1,64,0.99,1,0.1,0.985,0.001,-105572,"   Woman  Man
0      1    6"
130,100,10,1,1,64,0.99,1,0.1,0.995,0.0005,-162197,"   Woman  Man
0      1    7"
131,100,10,1,1,64,0.99,1,0.1,0.995,0.001,-101572,"   Woman  Man
0      0    7"
132,100,10,1,1,64,0.99,1,0.001,0.985,0.0005,-101572,"   Woman  Man
0      0    7"
133,100,10,1,1,64,0.99,1,0.001,0.985,0.001,-101572,"   Woman  Man
0      0    7"
134,100,10,1,1,64,0.99,1,0.001,0.995,0.0005,-115568,"   Woman  Man
0      1    7"
135,100,10,1,1,64,0.99,1,0.001,0.995,0.001,-101572,"   Woman  Man
0      0    7"
136,100,10,1,1,64,0.99,0.5,0.1,0.985,0.0005,-110072,"   Woman  Man
0      1    6"
137,100,10,1,1,64,0.99,0.5,0.1,0.985,0.001,-101572,"   Woman  Man
0      0    7"
138,100,10,1,1,64,0.99,0.5,0.1,0.995,0.0005,-111568,"   Woman  Man
0      0    8"
139,100,10,1,1,64,0.99,0.5,0.1,0.995,0.001,-101572,"   Woman  Man
0      0    7"
140,100,10,1,1,64,0.99,0.5,0.001,0.985,0.0005,-101572,"   Woman  Man
0      0    7"
141,100,10,1,1,64,0.99,0.5,0.001,0.985,0.001,-101572,"   Woman  Man
0      0    7"
142,100,10,1,1,64,0.99,0.5,0.001,0.995,0.0005,-111568,"   Woman  Man
0      0    8"
143,100,10,1,1,64,0.99,0.5,0.001,0.995,0.001,-101572,"   Woman  Man
0      0    7"
144,100,20,1,1,16,0.9,1,0.1,0.985,0.0005,-364149,"   Woman  Man
0      5   10"
145,100,20,1,1,16,0.9,1,0.1,0.985,0.001,-482921,"   Woman  Man
0      5   11"
146,100,20,1,1,16,0.9,1,0.1,0.995,0.0005,-372215,"   Woman  Man
0      4   11"
147,100,20,1,1,16,0.9,1,0.1,0.995,0.001,-446096,"   Woman  Man
0      4   11"
148,100,20,1,1,16,0.9,1,0.001,0.985,0.0005,-362280,"   Woman  Man
0      4   11"
149,100,20,1,1,16,0.9,1,0.001,0.985,0.001,-506762,"   Woman  Man
0      4   12"
150,100,20,1,1,16,0.9,1,0.001,0.995,0.0005,-377871,"   Woman  Man
0      4   11"
151,100,20,1,1,16,0.9,1,0.001,0.995,0.001,-362280,"   Woman  Man
0      4   11"
152,100,20,1,1,16,0.9,0.5,0.1,0.985,0.0005,-367713,"   Woman  Man
0      4   11"
153,100,20,1,1,16,0.9,0.5,0.1,0.985,0.001,-362280,"   Woman  Man
0      4   11"
154,100,20,1,1,16,0.9,0.5,0.1,0.995,0.0005,-365844,"   Woman  Man
0      3   12"
155,100,20,1,1,16,0.9,0.5,0.1,0.995,0.001,-499532,"   Woman  Man
0      4   12"
156,100,20,1,1,16,0.9,0.5,0.001,0.985,0.0005,-362280,"   Woman  Man
0      4   11"
157,100,20,1,1,16,0.9,0.5,0.001,0.985,0.001,-377620,"   Woman  Man
0      3   12"
158,100,20,1,1,16,0.9,0.5,0.001,0.995,0.0005,-364226,"   Woman  Man
0      3   12"
159,100,20,1,1,16,0.9,0.5,0.001,0.995,0.001,-402128,"   Woman  Man
0      2   13"
160,100,20,1,1,16,0.95,1,0.1,0.985,0.0005,-372215,"   Woman  Man
0      4   11"
161,100,20,1,1,16,0.95,1,0.1,0.985,0.001,-478429,"   Woman  Man
0      4   12"
162,100,20,1,1,16,0.95,1,0.1,0.995,0.0005,-403860,"   Woman  Man
0      4   12"
163,100,20,1,1,16,0.95,1,0.1,0.995,0.001,-362280,"   Woman  Man
0      4   11"
164,100,20,1,1,16,0.95,1,0.001,0.985,0.0005,-362280,"   Woman  Man
0      4   11"
165,100,20,1,1,16,0.95,1,0.001,0.985,0.001,-435489,"   Woman  Man
0      5   11"
166,100,20,1,1,16,0.95,1,0.001,0.995,0.0005,-427798,"   Woman  Man
0      2   13"
167,100,20,1,1,16,0.95,1,0.001,0.995,0.001,-362280,"   Woman  Man
0      4   11"
168,100,20,1,1,16,0.95,0.5,0.1,0.985,0.0005,-388483,"   Woman  Man
0      5   10"
169,100,20,1,1,16,0.95,0.5,0.1,0.985,0.001,-377871,"   Woman  Man
0      4   11"
170,100,20,1,1,16,0.95,0.5,0.1,0.995,0.0005,-364226,"   Woman  Man
0      3   12"
171,100,20,1,1,16,0.95,0.5,0.1,0.995,0.001,-362280,"   Woman  Man
0      4   11"
172,100,20,1,1,16,0.95,0.5,0.001,0.985,0.0005,-403875,"   Woman  Man
0      4   11"
173,100,20,1,1,16,0.95,0.5,0.001,0.985,0.001,-494133,"   Woman  Man
0      4   11"
174,100,20,1,1,16,0.95,0.5,0.001,0.995,0.0005,-384302,"   Woman  Man
0      4   11"
175,100,20,1,1,16,0.95,0.5,0.001,0.995,0.001,-364226,"   Woman  Man
0      3   12"
176,100,20,1,1,16,0.99,1,0.1,0.985,0.0005,-386317,"   Woman  Man
0      3   12"
177,100,20,1,1,16,0.99,1,0.1,0.985,0.001,-518890,"   Woman  Man
0      5   11"
178,100,20,1,1,16,0.99,1,0.1,0.995,0.0005,-375732,"   Woman  Man
0      3   12"
179,100,20,1,1,16,0.99,1,0.1,0.995,0.001,-365844,"   Woman  Man
0      3   12"
180,100,20,1,1,16,0.99,1,0.001,0.985,0.0005,-364226,"   Woman  Man
0      3   12"
181,100,20,1,1,16,0.99,1,0.001,0.985,0.001,-501504,"   Woman  Man
0      4   12"
182,100,20,1,1,16,0.99,1,0.001,0.995,0.0005,-364226,"   Woman  Man
0      3   12"
183,100,20,1,1,16,0.99,1,0.001,0.995,0.001,-384302,"   Woman  Man
0      4   11"
184,100,20,1,1,16,0.99,0.5,0.1,0.985,0.0005,-430159,"   Woman  Man
0      5   11"
185,100,20,1,1,16,0.99,0.5,0.1,0.985,0.001,-387555,"   Woman  Man
0      3   12"
186,100,20,1,1,16,0.99,0.5,0.1,0.995,0.0005,-434209,"   Woman  Man
0      4   12"
187,100,20,1,1,16,0.99,0.5,0.1,0.995,0.001,-488091,"   Woman  Man
0      4   12"
188,100,20,1,1,16,0.99,0.5,0.001,0.985,0.0005,-445870,"   Woman  Man
0      4   12"
189,100,20,1,1,16,0.99,0.5,0.001,0.985,0.001,-377991,"   Woman  Man
0      3   12"
190,100,20,1,1,16,0.99,0.5,0.001,0.995,0.0005,-397893,"   Woman  Man
0      4   11"
191,100,20,1,1,16,0.99,0.5,0.001,0.995,0.001,-362280,"   Woman  Man
0      4   11"
192,100,20,1,1,32,0.9,1,0.1,0.985,0.0005,-364149,"   Woman  Man
0      5   10"
193,100,20,1,1,32,0.9,1,0.1,0.985,0.001,-376002,"   Woman  Man
0      3   12"
194,100,20,1,1,32,0.9,1,0.1,0.995,0.0005,-364226,"   Woman  Man
0      3   12"
195,100,20,1,1,32,0.9,1,0.1,0.995,0.001,-362280,"   Woman  Man
0      4   11"
196,100,20,1,1,32,0.9,1,0.001,0.985,0.0005,-362280,"   Woman  Man
0      4   11"
197,100,20,1,1,32,0.9,1,0.001,0.985,0.001,-376002,"   Woman  Man
0      3   12"
198,100,20,1,1,32,0.9,1,0.001,0.995,0.0005,-362280,"   Woman  Man
0      4   11"
199,100,20,1,1,32,0.9,1,0.001,0.995,0.001,-376002,"   Woman  Man
0      3   12"
200,100,20,1,1,32,0.9,0.5,0.1,0.985,0.0005,-364226,"   Woman  Man
0      3   12"
201,100,20,1,1,32,0.9,0.5,0.1,0.985,0.001,-364226,"   Woman  Man
0      3   12"
202,100,20,1,1,32,0.9,0.5,0.1,0.995,0.0005,-362280,"   Woman  Man
0      4   11"
203,100,20,1,1,32,0.9,0.5,0.1,0.995,0.001,-377620,"   Woman  Man
0      3   12"
204,100,20,1,1,32,0.9,0.5,0.001,0.985,0.0005,-393610,"   Woman  Man
0      5   10"
205,100,20,1,1,32,0.9,0.5,0.001,0.985,0.001,-377871,"   Woman  Man
0      4   11"
206,100,20,1,1,32,0.9,0.5,0.001,0.995,0.0005,-362280,"   Woman  Man
0      4   11"
207,100,20,1,1,32,0.9,0.5,0.001,0.995,0.001,-366095,"   Woman  Man
0      4   11"
208,100,20,1,1,32,0.95,1,0.1,0.985,0.0005,-366095,"   Woman  Man
0      4   11"
209,100,20,1,1,32,0.95,1,0.1,0.985,0.001,-376002,"   Woman  Man
0      3   12"
210,100,20,1,1,32,0.95,1,0.1,0.995,0.0005,-365844,"   Woman  Man
0      3   12"
211,100,20,1,1,32,0.95,1,0.1,0.995,0.001,-376002,"   Woman  Man
0      3   12"
212,100,20,1,1,32,0.95,1,0.001,0.985,0.0005,-384302,"   Woman  Man
0      4   11"
213,100,20,1,1,32,0.95,1,0.001,0.985,0.001,-384328,"   Woman  Man
0      3   12"
214,100,20,1,1,32,0.95,1,0.001,0.995,0.0005,-378595,"   Woman  Man
0      5   10"
215,100,20,1,1,32,0.95,1,0.001,0.995,0.001,-364226,"   Woman  Man
0      3   12"
216,100,20,1,1,32,0.95,0.5,0.1,0.985,0.0005,-377991,"   Woman  Man
0      3   12"
217,100,20,1,1,32,0.95,0.5,0.1,0.985,0.001,-362280,"   Woman  Man
0      4   11"
218,100,20,1,1,32,0.95,0.5,0.1,0.995,0.0005,-364226,"   Woman  Man
0      3   12"
219,100,20,1,1,32,0.95,0.5,0.1,0.995,0.001,-362280,"   Woman  Man
0      4   11"
220,100,20,1,1,32,0.95,0.5,0.001,0.985,0.0005,-383722,"   Woman  Man
0      5   10"
221,100,20,1,1,32,0.95,0.5,0.001,0.985,0.001,-377620,"   Woman  Man
0      3   12"
222,100,20,1,1,32,0.95,0.5,0.001,0.995,0.0005,-364149,"   Woman  Man
0      5   10"
223,100,20,1,1,32,0.95,0.5,0.001,0.995,0.001,-364226,"   Woman  Man
0      3   12"
224,100,20,1,1,32,0.99,1,0.1,0.985,0.0005,-426618,"   Woman  Man
0      5   10"
225,100,20,1,1,32,0.99,1,0.1,0.985,0.001,-362280,"   Woman  Man
0      4   11"
226,100,20,1,1,32,0.99,1,0.1,0.995,0.0005,-365844,"   Woman  Man
0      3   12"
227,100,20,1,1,32,0.99,1,0.1,0.995,0.001,-364149,"   Woman  Man
0      5   10"
228,100,20,1,1,32,0.99,1,0.001,0.985,0.0005,-387586,"   Woman  Man
0      2   13"
229,100,20,1,1,32,0.99,1,0.001,0.985,0.001,-383258,"   Woman  Man
0      5   10"
230,100,20,1,1,32,0.99,1,0.001,0.995,0.0005,-374114,"   Woman  Man
0      3   12"
231,100,20,1,1,32,0.99,1,0.001,0.995,0.001,-396642,"   Woman  Man
0      4   11"
232,100,20,1,1,32,0.99,0.5,0.1,0.985,0.0005,-373833,"   Woman  Man
0      4   11"
233,100,20,1,1,32,0.99,0.5,0.1,0.985,0.001,-366095,"   Woman  Man
0      4   11"
234,100,20,1,1,32,0.99,0.5,0.1,0.995,0.0005,-382159,"   Woman  Man
0      4   11"
235,100,20,1,1,32,0.99,0.5,0.1,0.995,0.001,-376002,"   Woman  Man
0      3   12"
236,100,20,1,1,32,0.99,0.5,0.001,0.985,0.0005,-443296,"   Woman  Man
0      6   10"
237,100,20,1,1,32,0.99,0.5,0.001,0.985,0.001,-364226,"   Woman  Man
0      3   12"
238,100,20,1,1,32,0.99,0.5,0.001,0.995,0.0005,-383335,"   Woman  Man
0      3   12"
239,100,20,1,1,32,0.99,0.5,0.001,0.995,0.001,-381555,"   Woman  Man
0      2   13"
240,100,20,1,1,64,0.9,1,0.1,0.985,0.0005,-364149,"   Woman  Man
0      5   10"
241,100,20,1,1,64,0.9,1,0.1,0.985,0.001,-362280,"   Woman  Man
0      4   11"
242,100,20,1,1,64,0.9,1,0.1,0.995,0.0005,-364226,"   Woman  Man
0      3   12"
243,100,20,1,1,64,0.9,1,0.1,0.995,0.001,-376002,"   Woman  Man
0      3   12"
244,100,20,1,1,64,0.9,1,0.001,0.985,0.0005,-364226,"   Woman  Man
0      3   12"
245,100,20,1,1,64,0.9,1,0.001,0.985,0.001,-362280,"   Woman  Man
0      4   11"
246,100,20,1,1,64,0.9,1,0.001,0.995,0.0005,-362280,"   Woman  Man
0      4   11"
247,100,20,1,1,64,0.9,1,0.001,0.995,0.001,-376002,"   Woman  Man
0      3   12"
248,100,20,1,1,64,0.9,0.5,0.1,0.985,0.0005,-362280,"   Woman  Man
0      4   11"
249,100,20,1,1,64,0.9,0.5,0.1,0.985,0.001,-362280,"   Woman  Man
0      4   11"
250,100,20,1,1,64,0.9,0.5,0.1,0.995,0.0005,-364226,"   Woman  Man
0      3   12"
251,100,20,1,1,64,0.9,0.5,0.1,0.995,0.001,-362280,"   Woman  Man
0      4   11"
252,100,20,1,1,64,0.9,0.5,0.001,0.985,0.0005,-364226,"   Woman  Man
0      3   12"
253,100,20,1,1,64,0.9,0.5,0.001,0.985,0.001,-376002,"   Woman  Man
0      3   12"
254,100,20,1,1,64,0.9,0.5,0.001,0.995,0.0005,-385890,"   Woman  Man
0      3   12"
255,100,20,1,1,64,0.9,0.5,0.001,0.995,0.001,-362280,"   Woman  Man
0      4   11"
256,100,20,1,1,64,0.95,1,0.1,0.985,0.0005,-364226,"   Woman  Man
0      3   12"
257,100,20,1,1,64,0.95,1,0.1,0.985,0.001,-376002,"   Woman  Man
0      3   12"
258,100,20,1,1,64,0.95,1,0.1,0.995,0.0005,-362280,"   Woman  Man
0      4   11"
259,100,20,1,1,64,0.95,1,0.1,0.995,0.001,-364226,"   Woman  Man
0      3   12"
260,100,20,1,1,64,0.95,1,0.001,0.985,0.0005,-367713,"   Woman  Man
0      4   11"
261,100,20,1,1,64,0.95,1,0.001,0.985,0.001,-376002,"   Woman  Man
0      3   12"
262,100,20,1,1,64,0.95,1,0.001,0.995,0.0005,-365844,"   Woman  Man
0      3   12"
263,100,20,1,1,64,0.95,1,0.001,0.995,0.001,-377620,"   Woman  Man
0      3   12"
264,100,20,1,1,64,0.95,0.5,0.1,0.985,0.0005,-364149,"   Woman  Man
0      5   10"
265,100,20,1,1,64,0.95,0.5,0.1,0.985,0.001,-362280,"   Woman  Man
0      4   11"
266,100,20,1,1,64,0.95,0.5,0.1,0.995,0.0005,-382382,"   Woman  Man
0      4   11"
267,100,20,1,1,64,0.95,0.5,0.1,0.995,0.001,-377620,"   Woman  Man
0      3   12"
268,100,20,1,1,64,0.95,0.5,0.001,0.985,0.0005,-376002,"   Woman  Man
0      3   12"
269,100,20,1,1,64,0.95,0.5,0.001,0.985,0.001,-376002,"   Woman  Man
0      3   12"
270,100,20,1,1,64,0.95,0.5,0.001,0.995,0.0005,-379771,"   Woman  Man
0      4   11"
271,100,20,1,1,64,0.95,0.5,0.001,0.995,0.001,-376002,"   Woman  Man
0      3   12"
272,100,20,1,1,64,0.99,1,0.1,0.985,0.0005,-376002,"   Woman  Man
0      3   12"
273,100,20,1,1,64,0.99,1,0.1,0.985,0.001,-364226,"   Woman  Man
0      3   12"
274,100,20,1,1,64,0.99,1,0.1,0.995,0.0005,-373833,"   Woman  Man
0      4   11"
275,100,20,1,1,64,0.99,1,0.1,0.995,0.001,-379566,"   Woman  Man
0      2   13"
276,100,20,1,1,64,0.99,1,0.001,0.985,0.0005,-364226,"   Woman  Man
0      3   12"
277,100,20,1,1,64,0.99,1,0.001,0.985,0.001,-377620,"   Woman  Man
0      3   12"
278,100,20,1,1,64,0.99,1,0.001,0.995,0.0005,-451157,"   Woman  Man
0      5   10"
279,100,20,1,1,64,0.99,1,0.001,0.995,0.001,-364149,"   Woman  Man
0      5   10"
280,100,20,1,1,64,0.99,0.5,0.1,0.985,0.0005,-367713,"   Woman  Man
0      4   11"
281,100,20,1,1,64,0.99,0.5,0.1,0.985,0.001,-377620,"   Woman  Man
0      3   12"
282,100,20,1,1,64,0.99,0.5,0.1,0.995,0.0005,-362280,"   Woman  Man
0      4   11"
283,100,20,1,1,64,0.99,0.5,0.1,0.995,0.001,-377620,"   Woman  Man
0      3   12"
284,100,20,1,1,64,0.99,0.5,0.001,0.985,0.0005,-404792,"   Woman  Man
0      3   12"
285,100,20,1,1,64,0.99,0.5,0.001,0.985,0.001,-362280,"   Woman  Man
0      4   11"
286,100,20,1,1,64,0.99,0.5,0.001,0.995,0.0005,-384302,"   Woman  Man
0      4   11"
287,100,20,1,1,64,0.99,0.5,0.001,0.995,0.001,-393935,"   Woman  Man
0      4   11"
288,100,50,1,1,16,0.9,1,0.1,0.985,0.0005,-1622923,"   Woman  Man
0     14   21"
289,100,50,1,1,16,0.9,1,0.1,0.985,0.001,-1638969,"   Woman  Man
0     17   18"
290,100,50,1,1,16,0.9,1,0.1,0.995,0.0005,-1717295,"   Woman  Man
0     12   23"
291,100,50,1,1,16,0.9,1,0.1,0.995,0.001,-1750094,"   Woman  Man
0     11   24"
292,100,50,1,1,16,0.9,1,0.001,0.985,0.0005,-1658300,"   Woman  Man
0     16   19"
293,100,50,1,1,16,0.9,1,0.001,0.985,0.001,-1730941,"   Woman  Man
0     11   24"
294,100,50,1,1,16,0.9,1,0.001,0.995,0.0005,-1631359,"   Woman  Man
0     15   20"
295,100,50,1,1,16,0.9,1,0.001,0.995,0.001,-1684161,"   Woman  Man
0     15   20"
296,100,50,1,1,16,0.9,0.5,0.1,0.985,0.0005,-1496405,"   Woman  Man
0     13   22"
297,100,50,1,1,16,0.9,0.5,0.1,0.985,0.001,-1708751,"   Woman  Man
0     14   21"
298,100,50,1,1,16,0.9,0.5,0.1,0.995,0.0005,-1616969,"   Woman  Man
0     15   20"
299,100,50,1,1,16,0.9,0.5,0.1,0.995,0.001,-1516192,"   Woman  Man
0     13   21"
300,100,50,1,1,16,0.9,0.5,0.001,0.985,0.0005,-1583636,"   Woman  Man
0     15   20"
301,100,50,1,1,16,0.9,0.5,0.001,0.985,0.001,-1620805,"   Woman  Man
0     13   21"
302,100,50,1,1,16,0.9,0.5,0.001,0.995,0.0005,-1600751,"   Woman  Man
0     17   18"
303,100,50,1,1,16,0.9,0.5,0.001,0.995,0.001,-1587163,"   Woman  Man
0     15   20"
304,100,50,1,1,16,0.95,1,0.1,0.985,0.0005,-1833855,"   Woman  Man
0     15   21"
305,100,50,1,1,16,0.95,1,0.1,0.985,0.001,-1731647,"   Woman  Man
0     15   20"
306,100,50,1,1,16,0.95,1,0.1,0.995,0.0005,-1688904,"   Woman  Man
0     15   20"
307,100,50,1,1,16,0.95,1,0.1,0.995,0.001,-1653059,"   Woman  Man
0     14   21"
308,100,50,1,1,16,0.95,1,0.001,0.985,0.0005,-1713863,"   Woman  Man
0     16   19"
309,100,50,1,1,16,0.95,1,0.001,0.985,0.001,-1743056,"   Woman  Man
0     15   20"
310,100,50,1,1,16,0.95,1,0.001,0.995,0.0005,-1654236,"   Woman  Man
0     15   19"
311,100,50,1,1,16,0.95,1,0.001,0.995,0.001,-1743463,"   Woman  Man
0     16   19"
312,100,50,1,1,16,0.95,0.5,0.1,0.985,0.0005,-1634162,"   Woman  Man
0     13   22"
313,100,50,1,1,16,0.95,0.5,0.1,0.985,0.001,-1683107,"   Woman  Man
0     13   21"
314,100,50,1,1,16,0.95,0.5,0.1,0.995,0.0005,-1713757,"   Woman  Man
0     16   20"
315,100,50,1,1,16,0.95,0.5,0.1,0.995,0.001,-1540707,"   Woman  Man
0     13   21"
316,100,50,1,1,16,0.95,0.5,0.001,0.985,0.0005,-1529134,"   Woman  Man
0     14   21"
317,100,50,1,1,16,0.95,0.5,0.001,0.985,0.001,-1742460,"   Woman  Man
0     16   19"
318,100,50,1,1,16,0.95,0.5,0.001,0.995,0.0005,-1556993,"   Woman  Man
0     15   20"
319,100,50,1,1,16,0.95,0.5,0.001,0.995,0.001,-1591968,"   Woman  Man
0     15   20"
320,100,50,1,1,16,0.99,1,0.1,0.985,0.0005,-1671221,"   Woman  Man
0     14   21"
321,100,50,1,1,16,0.99,1,0.1,0.985,0.001,-1915637,"   Woman  Man
0     14   21"
322,100,50,1,1,16,0.99,1,0.1,0.995,0.0005,-1676151,"   Woman  Man
0     12   23"
323,100,50,1,1,16,0.99,1,0.1,0.995,0.001,-1617388,"   Woman  Man
0     14   21"
324,100,50,1,1,16,0.99,1,0.001,0.985,0.0005,-1822172,"   Woman  Man
0     15   20"
325,100,50,1,1,16,0.99,1,0.001,0.985,0.001,-1761041,"   Woman  Man
0     16   19"
326,100,50,1,1,16,0.99,1,0.001,0.995,0.0005,-1687265,"   Woman  Man
0     17   18"
327,100,50,1,1,16,0.99,1,0.001,0.995,0.001,-1791749,"   Woman  Man
0     11   24"
328,100,50,1,1,16,0.99,0.5,0.1,0.985,0.0005,-1721911,"   Woman  Man
0     14   21"
329,100,50,1,1,16,0.99,0.5,0.1,0.985,0.001,-1791983,"   Woman  Man
0     13   22"
330,100,50,1,1,16,0.99,0.5,0.1,0.995,0.0005,-1641027,"   Woman  Man
0     12   23"
331,100,50,1,1,16,0.99,0.5,0.1,0.995,0.001,-1511949,"   Woman  Man
0     13   21"
332,100,50,1,1,16,0.99,0.5,0.001,0.985,0.0005,-1814596,"   Woman  Man
0     14   21"
333,100,50,1,1,16,0.99,0.5,0.001,0.985,0.001,-1816754,"   Woman  Man
0     16   19"
334,100,50,1,1,16,0.99,0.5,0.001,0.995,0.0005,-1594628,"   Woman  Man
0     16   19"
335,100,50,1,1,16,0.99,0.5,0.001,0.995,0.001,-1586462,"   Woman  Man
0     13   22"
336,100,50,1,1,32,0.9,1,0.1,0.985,0.0005,-1480651,"   Woman  Man
0     14   21"
337,100,50,1,1,32,0.9,1,0.1,0.985,0.001,-1648195,"   Woman  Man
0     14   21"
338,100,50,1,1,32,0.9,1,0.1,0.995,0.0005,-1595915,"   Woman  Man
0     14   21"
339,100,50,1,1,32,0.9,1,0.1,0.995,0.001,-1575679,"   Woman  Man
0     15   20"
340,100,50,1,1,32,0.9,1,0.001,0.985,0.0005,-1547997,"   Woman  Man
0     13   22"
341,100,50,1,1,32,0.9,1,0.001,0.985,0.001,-1541196,"   Woman  Man
0     15   20"
342,100,50,1,1,32,0.9,1,0.001,0.995,0.0005,-1505797,"   Woman  Man
0     13   22"
343,100,50,1,1,32,0.9,1,0.001,0.995,0.001,-1671011,"   Woman  Man
0     13   22"
344,100,50,1,1,32,0.9,0.5,0.1,0.985,0.0005,-1547090,"   Woman  Man
0     15   20"
345,100,50,1,1,32,0.9,0.5,0.1,0.985,0.001,-1672180,"   Woman  Man
0     16   19"
346,100,50,1,1,32,0.9,0.5,0.1,0.995,0.0005,-1597899,"   Woman  Man
0     16   19"
347,100,50,1,1,32,0.9,0.5,0.1,0.995,0.001,-1540498,"   Woman  Man
0     14   21"
348,100,50,1,1,32,0.9,0.5,0.001,0.985,0.0005,-1619736,"   Woman  Man
0     14   21"
349,100,50,1,1,32,0.9,0.5,0.001,0.985,0.001,-1493054,"   Woman  Man
0     15   20"
350,100,50,1,1,32,0.9,0.5,0.001,0.995,0.0005,-1492785,"   Woman  Man
0     15   20"
351,100,50,1,1,32,0.9,0.5,0.001,0.995,0.001,-1511637,"   Woman  Man
0     14   21"
352,100,50,1,1,32,0.95,1,0.1,0.985,0.0005,-1412265,"   Woman  Man
0     14   20"
353,100,50,1,1,32,0.95,1,0.1,0.985,0.001,-1525655,"   Woman  Man
0     14   21"
354,100,50,1,1,32,0.95,1,0.1,0.995,0.0005,-1530557,"   Woman  Man
0     14   21"
355,100,50,1,1,32,0.95,1,0.1,0.995,0.001,-1545214,"   Woman  Man
0     13   21"
356,100,50,1,1,32,0.95,1,0.001,0.985,0.0005,-1656744,"   Woman  Man
0     15   20"
357,100,50,1,1,32,0.95,1,0.001,0.985,0.001,-1572377,"   Woman  Man
0     11   23"
358,100,50,1,1,32,0.95,1,0.001,0.995,0.0005,-1574101,"   Woman  Man
0     15   20"
359,100,50,1,1,32,0.95,1,0.001,0.995,0.001,-1781658,"   Woman  Man
0     15   20"
360,100,50,1,1,32,0.95,0.5,0.1,0.985,0.0005,-1590230,"   Woman  Man
0     13   22"
361,100,50,1,1,32,0.95,0.5,0.1,0.985,0.001,-1630389,"   Woman  Man
0     14   21"
362,100,50,1,1,32,0.95,0.5,0.1,0.995,0.0005,-1674835,"   Woman  Man
0     14   21"
363,100,50,1,1,32,0.95,0.5,0.1,0.995,0.001,-1646982,"   Woman  Man
0     13   22"
364,100,50,1,1,32,0.95,0.5,0.001,0.985,0.0005,-1580237,"   Woman  Man
0     15   20"
365,100,50,1,1,32,0.95,0.5,0.001,0.985,0.001,-1664670,"   Woman  Man
0     16   19"
366,100,50,1,1,32,0.95,0.5,0.001,0.995,0.0005,-1599204,"   Woman  Man
0     16   19"
367,100,50,1,1,32,0.95,0.5,0.001,0.995,0.001,-1564299,"   Woman  Man
0     15   20"
368,100,50,1,1,32,0.99,1,0.1,0.985,0.0005,-1574593,"   Woman  Man
0     13   21"
369,100,50,1,1,32,0.99,1,0.1,0.985,0.001,-1593119,"   Woman  Man
0     16   19"
370,100,50,1,1,32,0.99,1,0.1,0.995,0.0005,-1743947,"   Woman  Man
0     14   21"
371,100,50,1,1,32,0.99,1,0.1,0.995,0.001,-1731827,"   Woman  Man
0     16   19"
372,100,50,1,1,32,0.99,1,0.001,0.985,0.0005,-1671840,"   Woman  Man
0     14   21"
373,100,50,1,1,32,0.99,1,0.001,0.985,0.001,-1624197,"   Woman  Man
0     14   21"
374,100,50,1,1,32,0.99,1,0.001,0.995,0.0005,-1578704,"   Woman  Man
0     14   21"
375,100,50,1,1,32,0.99,1,0.001,0.995,0.001,-1697767,"   Woman  Man
0     16   18"
376,100,50,1,1,32,0.99,0.5,0.1,0.985,0.0005,-1663234,"   Woman  Man
0     12   23"
377,100,50,1,1,32,0.99,0.5,0.1,0.985,0.001,-1631088,"   Woman  Man
0     16   19"
378,100,50,1,1,32,0.99,0.5,0.1,0.995,0.0005,-1608392,"   Woman  Man
0     12   23"
379,100,50,1,1,32,0.99,0.5,0.1,0.995,0.001,-1572481,"   Woman  Man
0     14   20"
380,100,50,1,1,32,0.99,0.5,0.001,0.985,0.0005,-1574897,"   Woman  Man
0     14   20"
381,100,50,1,1,32,0.99,0.5,0.001,0.985,0.001,-1550918,"   Woman  Man
0     16   18"
382,100,50,1,1,32,0.99,0.5,0.001,0.995,0.0005,-1651614,"   Woman  Man
0     13   22"
383,100,50,1,1,32,0.99,0.5,0.001,0.995,0.001,-1692973,"   Woman  Man
0     14   21"
384,100,50,1,1,64,0.9,1,0.1,0.985,0.0005,-1579313,"   Woman  Man
0     13   22"
385,100,50,1,1,64,0.9,1,0.1,0.985,0.001,-1546643,"   Woman  Man
0     14   21"
386,100,50,1,1,64,0.9,1,0.1,0.995,0.0005,-1563921,"   Woman  Man
0     13   22"
387,100,50,1,1,64,0.9,1,0.1,0.995,0.001,-1569480,"   Woman  Man
0     11   23"
388,100,50,1,1,64,0.9,1,0.001,0.985,0.0005,-1513280,"   Woman  Man
0     15   20"
389,100,50,1,1,64,0.9,1,0.001,0.985,0.001,-1638784,"   Woman  Man
0     15   21"
390,100,50,1,1,64,0.9,1,0.001,0.995,0.0005,-1405377,"   Woman  Man
0     13   21"
391,100,50,1,1,64,0.9,1,0.001,0.995,0.001,-1608161,"   Woman  Man
0     12   23"
392,100,50,1,1,64,0.9,0.5,0.1,0.985,0.0005,-1510010,"   Woman  Man
0     14   21"
393,100,50,1,1,64,0.9,0.5,0.1,0.985,0.001,-1584968,"   Woman  Man
0     15   20"
394,100,50,1,1,64,0.9,0.5,0.1,0.995,0.0005,-1635617,"   Woman  Man
0     16   19"
395,100,50,1,1,64,0.9,0.5,0.1,0.995,0.001,-1463271,"   Woman  Man
0     15   20"
396,100,50,1,1,64,0.9,0.5,0.001,0.985,0.0005,-1583026,"   Woman  Man
0     13   22"
397,100,50,1,1,64,0.9,0.5,0.001,0.985,0.001,-1501326,"   Woman  Man
0     14   21"
398,100,50,1,1,64,0.9,0.5,0.001,0.995,0.0005,-1505781,"   Woman  Man
0     14   21"
399,100,50,1,1,64,0.9,0.5,0.001,0.995,0.001,-1503907,"   Woman  Man
0     12   23"
400,100,50,1,1,64,0.95,1,0.1,0.985,0.0005,-1575100,"   Woman  Man
0     17   18"
401,100,50,1,1,64,0.95,1,0.1,0.985,0.001,-1591029,"   Woman  Man
0     13   22"
402,100,50,1,1,64,0.95,1,0.1,0.995,0.0005,-1510843,"   Woman  Man
0     13   22"
403,100,50,1,1,64,0.95,1,0.1,0.995,0.001,-1545545,"   Woman  Man
0     12   23"
404,100,50,1,1,64,0.95,1,0.001,0.985,0.0005,-1571937,"   Woman  Man
0     14   21"
405,100,50,1,1,64,0.95,1,0.001,0.985,0.001,-1505868,"   Woman  Man
0     16   19"
406,100,50,1,1,64,0.95,1,0.001,0.995,0.0005,-1613965,"   Woman  Man
0     11   24"
407,100,50,1,1,64,0.95,1,0.001,0.995,0.001,-1568607,"   Woman  Man
0     12   23"
408,100,50,1,1,64,0.95,0.5,0.1,0.985,0.0005,-1526576,"   Woman  Man
0     13   22"
409,100,50,1,1,64,0.95,0.5,0.1,0.985,0.001,-1555696,"   Woman  Man
0     16   19"
410,100,50,1,1,64,0.95,0.5,0.1,0.995,0.0005,-1612910,"   Woman  Man
0     15   20"
411,100,50,1,1,64,0.95,0.5,0.1,0.995,0.001,-1572992,"   Woman  Man
0     14   21"
412,100,50,1,1,64,0.95,0.5,0.001,0.985,0.0005,-1589127,"   Woman  Man
0     13   22"
413,100,50,1,1,64,0.95,0.5,0.001,0.985,0.001,-1490766,"   Woman  Man
0     14   21"
414,100,50,1,1,64,0.95,0.5,0.001,0.995,0.0005,-1604405,"   Woman  Man
0     15   20"
415,100,50,1,1,64,0.95,0.5,0.001,0.995,0.001,-1652752,"   Woman  Man
0     15   20"
416,100,50,1,1,64,0.99,1,0.1,0.985,0.0005,-1716710,"   Woman  Man
0     14   21"
417,100,50,1,1,64,0.99,1,0.1,0.985,0.001,-1650429,"   Woman  Man
0     15   20"
418,100,50,1,1,64,0.99,1,0.1,0.995,0.0005,-1560898,"   Woman  Man
0     12   23"
419,100,50,1,1,64,0.99,1,0.1,0.995,0.001,-1541707,"   Woman  Man
0     12   22"
420,100,50,1,1,64,0.99,1,0.001,0.985,0.0005,-1515300,"   Woman  Man
0     11   23"
421,100,50,1,1,64,0.99,1,0.001,0.985,0.001,-1514224,"   Woman  Man
0     13   21"
422,100,50,1,1,64,0.99,1,0.001,0.995,0.0005,-1498653,"   Woman  Man
0     11   23"
423,100,50,1,1,64,0.99,1,0.001,0.995,0.001,-1597002,"   Woman  Man
0     12   22"
424,100,50,1,1,64,0.99,0.5,0.1,0.985,0.0005,-1550338,"   Woman  Man
0     14   21"
425,100,50,1,1,64,0.99,0.5,0.1,0.985,0.001,-1676955,"   Woman  Man
0     16   19"
426,100,50,1,1,64,0.99,0.5,0.1,0.995,0.0005,-1650646,"   Woman  Man
0     15   20"
427,100,50,1,1,64,0.99,0.5,0.1,0.995,0.001,-1638077,"   Woman  Man
0     15   20"
428,100,50,1,1,64,0.99,0.5,0.001,0.985,0.0005,-1548780,"   Woman  Man
0     12   23"
429,100,50,1,1,64,0.99,0.5,0.001,0.985,0.001,-1559890,"   Woman  Man
0     16   19"
430,100,50,1,1,64,0.99,0.5,0.001,0.995,0.0005,-1561283,"   Woman  Man
0     14   21"
431,100,50,1,1,64,0.99,0.5,0.001,0.995,0.001,-1681003,"   Woman  Man
0     12   23"
